OrderID,Date,Product,Category,Region,Quantity,UnitPrice,TotalSale
1,27/02/2025,Chocolate Bar,Finished,Volta,13,15.92,206.96
2,10/03/2025,Chocolate Bar,Finished,Greater Accra,3,7.73,23.19
3,12/02/2025,Milk,Dairy,Western,13,7.05,91.65
4,22/01/2025,Cocoa Beans,Raw,Volta,5,16.75,83.75
5,09/03/2025,Chocolate Bar,Finished,Ashanti,18,22.45,404.1
6,14/05/2025,Cocoa Beans,Raw,Ashanti,5,21.5,107.5
7,13/05/2025,Milk,Dairy,Eastern,13,20.09,261.17
8,17/04/2025,Sugar,Raw,Greater Accra,11,13.8,151.8
9,02/04/2025,Milk,Dairy,Ashanti,3,6.24,18.72
10,15/04/2025,Milk,Dairy,Western,4,15.02,60.08
11,11/01/2025,Milk,Dairy,Eastern,13,13.96,181.48
12,28/04/2025,Tea,Beverage,Greater Accra,15,14.1,211.5
13,18/03/2025,Tea,Beverage,Greater Accra,15,14.76,221.4
14,11/01/2025,Milk,Dairy,Western,4,18.11,72.44
15,17/01/2025,Tea,Beverage,Greater Accra,20,15.96,319.2
16,12/04/2025,Cocoa Beans,Raw,Volta,12,24.53,294.36
17,11/01/2025,Chocolate Bar,Finished,Ashanti,20,14.2,284
18,27/01/2025,Cocoa Beans,Raw,Volta,19,20.25,384.75
19,14/05/2025,Cocoa Beans,Raw,Greater Accra,15,20.94,314.1
20,04/02/2025,Coffee,Beverage,Eastern,6,23.09,138.54
21,10/03/2025,Tea,Beverage,Western,13,9.62,125.06
22,09/01/2025,Tea,Beverage,Greater Accra,7,5.54,38.78
23,22/02/2025,Milk,Dairy,Greater Accra,15,18.78,281.7
24,20/05/2025,Chocolate Bar,Finished,Greater Accra,19,24.53,466.07
25,22/01/2025,Coffee,Beverage,Greater Accra,4,7.32,29.28
26,14/02/2025,Cocoa Beans,Raw,Ashanti,18,16.12,290.16
27,23/04/2025,Cocoa Beans,Raw,Ashanti,7,7.92,55.44
28,04/04/2025,Sugar,Raw,Greater Accra,4,17.3,69.2
29,18/03/2025,Milk,Dairy,Western,1,10.53,10.53
30,21/03/2025,Chocolate Bar,Finished,Eastern,14,5.91,82.74
31,01/04/2025,Coffee,Beverage,Western,20,20.46,409.2
32,15/02/2025,Coffee,Beverage,Greater Accra,12,23.44,281.28
33,04/03/2025,Chocolate Bar,Finished,Western,3,5.32,15.96
34,16/03/2025,Sugar,Raw,Ashanti,16,14.41,230.56
35,07/02/2025,Coffee,Beverage,Eastern,11,15.35,168.85
36,17/03/2025,Chocolate Bar,Finished,Greater Accra,13,12.74,165.62
37,29/01/2025,Cocoa Beans,Raw,Eastern,12,7.84,94.08
38,10/01/2025,Cocoa Beans,Raw,Greater Accra,11,13.92,153.12
39,13/03/2025,Chocolate Bar,Finished,Volta,14,20.89,292.46
40,29/04/2025,Coffee,Beverage,Ashanti,13,11.64,151.32
41,12/01/2025,Sugar,Raw,Greater Accra,4,15.64,62.56
42,03/04/2025,Chocolate Bar,Finished,Eastern,14,10.62,148.68
43,14/04/2025,Sugar,Raw,Greater Accra,15,12.02,180.3
44,23/01/2025,Chocolate Bar,Finished,Western,3,5.24,15.72
45,08/01/2025,Sugar,Raw,Ashanti,7,5.12,35.84
46,10/03/2025,Milk,Dairy,Western,12,7.43,89.16
47,21/01/2025,Tea,Beverage,Greater Accra,12,8.97,107.64
48,26/03/2025,Tea,Beverage,Volta,4,20.01,80.04
49,14/03/2025,Chocolate Bar,Finished,Eastern,11,12.05,132.55
50,23/04/2025,Tea,Beverage,Greater Accra,12,7.3,87.6
51,01/04/2025,Chocolate Bar,Finished,Eastern,19,5.03,95.57
52,23/02/2025,Milk,Dairy,Greater Accra,14,24.57,343.98
53,05/05/2025,Sugar,Raw,Western,20,14.01,280.2
54,13/04/2025,Chocolate Bar,Finished,Eastern,19,20.58,391.02
55,13/01/2025,Milk,Dairy,Greater Accra,9,5.96,53.64
56,09/03/2025,Sugar,Raw,Volta,7,17.13,119.91
57,22/02/2025,Cocoa Beans,Raw,Greater Accra,17,22.57,383.69
58,08/01/2025,Milk,Dairy,Eastern,17,14.34,243.78
59,17/02/2025,Milk,Dairy,Ashanti,12,18.87,226.44
60,16/02/2025,Cocoa Beans,Raw,Greater Accra,16,8.05,128.8
61,17/04/2025,Coffee,Beverage,Eastern,15,21.59,323.85
62,14/03/2025,Milk,Dairy,Ashanti,14,15.16,212.24
63,18/02/2025,Milk,Dairy,Volta,15,8.48,127.2
64,13/03/2025,Coffee,Beverage,Eastern,5,22.69,113.45
65,21/02/2025,Milk,Dairy,Western,16,7.91,126.56
66,10/02/2025,Chocolate Bar,Finished,Western,5,6.46,32.3
67,06/02/2025,Sugar,Raw,Volta,3,11.89,35.67
68,11/01/2025,Chocolate Bar,Finished,Greater Accra,13,10.2,132.6
69,26/01/2025,Milk,Dairy,Greater Accra,4,12.52,50.08
70,25/03/2025,Cocoa Beans,Raw,Ashanti,16,10.73,171.68
71,24/01/2025,Cocoa Beans,Raw,Ashanti,17,14.88,252.96
72,06/01/2025,Cocoa Beans,Raw,Greater Accra,15,21.52,322.8
73,11/01/2025,Chocolate Bar,Finished,Greater Accra,7,6.95,48.65
74,12/04/2025,Cocoa Beans,Raw,Volta,17,11.54,196.18
75,08/01/2025,Milk,Dairy,Eastern,8,11.76,94.08
76,11/03/2025,Sugar,Raw,Ashanti,9,13.1,117.9
77,31/03/2025,Tea,Beverage,Western,17,22.2,377.4
78,21/02/2025,Tea,Beverage,Western,17,11.71,199.07
79,21/04/2025,Coffee,Beverage,Greater Accra,9,18.87,169.83
80,06/02/2025,Tea,Beverage,Western,19,23.9,454.1
81,01/01/2025,Chocolate Bar,Finished,Volta,16,23.97,383.52
82,09/05/2025,Sugar,Raw,Eastern,10,21.92,219.2
83,01/01/2025,Cocoa Beans,Raw,Eastern,13,15.27,198.51
84,14/01/2025,Milk,Dairy,Volta,14,15.32,214.48
85,10/05/2025,Sugar,Raw,Greater Accra,11,24.43,268.73
86,05/01/2025,Cocoa Beans,Raw,Eastern,4,17.15,68.6
87,10/05/2025,Tea,Beverage,Ashanti,11,10.25,112.75
88,21/02/2025,Cocoa Beans,Raw,Western,12,23.27,279.24
89,29/03/2025,Milk,Dairy,Ashanti,5,9.57,47.85
90,30/04/2025,Cocoa Beans,Raw,Volta,6,20.93,125.58
91,13/02/2025,Sugar,Raw,Ashanti,13,15.76,204.88
92,19/04/2025,Chocolate Bar,Finished,Greater Accra,10,16.39,163.9
93,27/01/2025,Milk,Dairy,Western,18,17.58,316.44
94,29/04/2025,Coffee,Beverage,Eastern,9,19.46,175.14
95,31/05/2025,Cocoa Beans,Raw,Greater Accra,18,23.13,416.34
96,03/02/2025,Tea,Beverage,Eastern,19,8.04,152.76
97,02/04/2025,Milk,Dairy,Greater Accra,19,7.21,136.99
98,08/05/2025,Sugar,Raw,Volta,15,16.88,253.2
99,09/05/2025,Cocoa Beans,Raw,Ashanti,6,20.24,121.44
100,14/04/2025,Cocoa Beans,Raw,Volta,19,18.04,342.76
101,29/01/2025,Milk,Dairy,Eastern,7,12.97,90.79
102,23/03/2025,Sugar,Raw,Volta,13,14.48,188.24
103,29/03/2025,Coffee,Beverage,Western,14,14.96,209.44
104,30/05/2025,Chocolate Bar,Finished,Greater Accra,11,8.68,95.48
105,08/01/2025,Coffee,Beverage,Ashanti,10,9.95,99.5
106,25/03/2025,Coffee,Beverage,Ashanti,4,22.64,90.56
107,01/05/2025,Cocoa Beans,Raw,Ashanti,5,13.84,69.2
108,13/01/2025,Chocolate Bar,Finished,Greater Accra,3,21.16,63.48
109,22/01/2025,Sugar,Raw,Western,1,14.71,14.71
110,28/01/2025,Tea,Beverage,Volta,4,20.88,83.52
111,28/05/2025,Milk,Dairy,Ashanti,1,5.62,5.62
112,11/02/2025,Cocoa Beans,Raw,Greater Accra,13,15.66,203.58
113,06/03/2025,Chocolate Bar,Finished,Volta,1,8.9,8.9
114,17/03/2025,Tea,Beverage,Ashanti,18,5.45,98.1
115,09/04/2025,Milk,Dairy,Greater Accra,12,12.03,144.36
116,21/04/2025,Sugar,Raw,Eastern,16,9.2,147.2
117,21/01/2025,Sugar,Raw,Greater Accra,10,21.67,216.7
118,14/03/2025,Tea,Beverage,Eastern,11,19.92,219.12
119,22/01/2025,Chocolate Bar,Finished,Eastern,13,11.27,146.51
120,14/05/2025,Chocolate Bar,Finished,Volta,11,6.6,72.6
121,28/02/2025,Milk,Dairy,Volta,8,12.47,99.76
122,11/05/2025,Coffee,Beverage,Greater Accra,11,13.18,144.98
123,08/02/2025,Milk,Dairy,Volta,20,9.9,198
124,13/05/2025,Milk,Dairy,Greater Accra,2,10.17,20.34
125,15/03/2025,Chocolate Bar,Finished,Volta,20,11.1,222
126,30/01/2025,Cocoa Beans,Raw,Ashanti,9,10.06,90.54
127,21/01/2025,Sugar,Raw,Western,3,9.63,28.89
128,19/05/2025,Cocoa Beans,Raw,Ashanti,5,22.43,112.15
129,23/01/2025,Sugar,Raw,Volta,20,18.03,360.6
130,01/03/2025,Cocoa Beans,Raw,Volta,1,7.35,7.35
131,26/05/2025,Chocolate Bar,Finished,Greater Accra,3,21.76,65.28
132,21/02/2025,Tea,Beverage,Volta,19,18.83,357.77
133,31/01/2025,Cocoa Beans,Raw,Greater Accra,4,16.49,65.96
134,10/04/2025,Chocolate Bar,Finished,Eastern,18,15.75,283.5
135,28/05/2025,Sugar,Raw,Volta,11,10.57,116.27
136,30/01/2025,Cocoa Beans,Raw,Eastern,18,17.4,313.2
137,21/05/2025,Coffee,Beverage,Eastern,11,23.57,259.27
138,30/05/2025,Chocolate Bar,Finished,Eastern,1,19.09,19.09
139,18/05/2025,Tea,Beverage,Western,7,12.03,84.21
140,25/02/2025,Cocoa Beans,Raw,Eastern,19,7.56,143.64
141,05/02/2025,Tea,Beverage,Volta,10,7.06,70.6
142,08/02/2025,Milk,Dairy,Ashanti,20,22.47,449.4
143,08/03/2025,Sugar,Raw,Greater Accra,1,7.24,7.24
144,08/02/2025,Tea,Beverage,Greater Accra,20,13.11,262.2
145,20/03/2025,Tea,Beverage,Eastern,20,6.01,120.2
146,01/03/2025,Coffee,Beverage,Greater Accra,1,13.86,13.86
147,06/02/2025,Chocolate Bar,Finished,Volta,5,9.25,46.25
148,01/01/2025,Cocoa Beans,Raw,Greater Accra,9,21.6,194.4
149,12/04/2025,Milk,Dairy,Western,16,5.9,94.4
150,03/01/2025,Sugar,Raw,Volta,20,23.77,475.4
151,03/05/2025,Sugar,Raw,Western,8,8.09,64.72
152,26/04/2025,Cocoa Beans,Raw,Eastern,7,7.13,49.91
153,18/02/2025,Cocoa Beans,Raw,Ashanti,15,17.2,258
154,15/01/2025,Coffee,Beverage,Ashanti,20,20.66,413.2
155,05/02/2025,Cocoa Beans,Raw,Western,19,8.83,167.77
156,20/03/2025,Milk,Dairy,Greater Accra,18,10.43,187.74
157,28/04/2025,Chocolate Bar,Finished,Volta,17,16.15,274.55
158,18/01/2025,Tea,Beverage,Eastern,17,21.43,364.31
159,18/03/2025,Chocolate Bar,Finished,Western,11,11.9,130.9
160,06/04/2025,Sugar,Raw,Ashanti,12,20.34,244.08
161,12/04/2025,Cocoa Beans,Raw,Eastern,19,18.85,358.15
162,30/05/2025,Milk,Dairy,Eastern,16,8.45,135.2
163,24/05/2025,Milk,Dairy,Greater Accra,13,19.64,255.32
164,29/03/2025,Sugar,Raw,Western,10,9.29,92.9
165,23/01/2025,Coffee,Beverage,Greater Accra,5,13.35,66.75
166,01/05/2025,Milk,Dairy,Eastern,7,16.31,114.17
167,24/01/2025,Coffee,Beverage,Greater Accra,10,17.13,171.3
168,19/04/2025,Milk,Dairy,Ashanti,18,15.5,279
169,17/04/2025,Milk,Dairy,Volta,8,13.03,104.24
170,22/01/2025,Coffee,Beverage,Ashanti,17,24.43,415.31
171,22/01/2025,Cocoa Beans,Raw,Greater Accra,12,24.88,298.56
172,02/01/2025,Milk,Dairy,Volta,4,20.71,82.84
173,20/02/2025,Cocoa Beans,Raw,Greater Accra,7,22.98,160.86
174,16/05/2025,Sugar,Raw,Greater Accra,15,15.86,237.9
175,08/05/2025,Tea,Beverage,Western,16,11.93,190.88
176,22/03/2025,Sugar,Raw,Eastern,14,8.26,115.64
177,10/02/2025,Tea,Beverage,Volta,8,13.64,109.12
178,16/04/2025,Chocolate Bar,Finished,Ashanti,12,17.27,207.24
179,27/02/2025,Milk,Dairy,Volta,6,6.51,39.06
180,08/03/2025,Coffee,Beverage,Eastern,6,10.77,64.62
181,08/02/2025,Chocolate Bar,Finished,Greater Accra,13,11.58,150.54
182,22/04/2025,Coffee,Beverage,Eastern,18,7.03,126.54
183,16/03/2025,Sugar,Raw,Ashanti,9,15.79,142.11
184,23/01/2025,Tea,Beverage,Greater Accra,18,8.74,157.32
185,25/01/2025,Chocolate Bar,Finished,Ashanti,14,15.64,218.96
186,15/03/2025,Tea,Beverage,Ashanti,9,12.49,112.41
187,03/02/2025,Coffee,Beverage,Greater Accra,7,8.37,58.59
188,10/01/2025,Tea,Beverage,Western,7,5.38,37.66
189,14/04/2025,Sugar,Raw,Greater Accra,4,14.53,58.12
190,17/03/2025,Cocoa Beans,Raw,Greater Accra,17,22.18,377.06
191,25/03/2025,Chocolate Bar,Finished,Eastern,4,23.28,93.12
192,01/05/2025,Milk,Dairy,Eastern,5,24.05,120.25
193,06/05/2025,Chocolate Bar,Finished,Ashanti,15,5.62,84.3
194,12/03/2025,Cocoa Beans,Raw,Ashanti,12,5.44,65.28
195,16/02/2025,Tea,Beverage,Eastern,20,14.19,283.8
196,14/01/2025,Chocolate Bar,Finished,Volta,7,11.7,81.9
197,17/03/2025,Coffee,Beverage,Volta,16,14.3,228.8
198,15/04/2025,Tea,Beverage,Western,18,7.06,127.08
199,08/04/2025,Cocoa Beans,Raw,Volta,16,6.75,108
200,30/05/2025,Chocolate Bar,Finished,Ashanti,5,24.4,122
201,11/03/2025,Cocoa Beans,Raw,Ashanti,15,17.07,256.05
202,09/01/2025,Sugar,Raw,Ashanti,6,20.55,123.3
203,12/04/2025,Milk,Dairy,Western,14,21.05,294.7
204,05/05/2025,Chocolate Bar,Finished,Volta,13,12.33,160.29
205,26/02/2025,Milk,Dairy,Greater Accra,10,20.49,204.9
206,22/01/2025,Sugar,Raw,Ashanti,9,5.26,47.34
207,13/04/2025,Chocolate Bar,Finished,Volta,10,15.24,152.4
208,17/04/2025,Cocoa Beans,Raw,Volta,10,19.89,198.9
209,21/04/2025,Coffee,Beverage,Eastern,9,9.23,83.07
210,12/02/2025,Chocolate Bar,Finished,Western,11,19.8,217.8
211,12/04/2025,Cocoa Beans,Raw,Eastern,8,14.15,113.2
212,22/03/2025,Tea,Beverage,Eastern,18,17.77,319.86
213,15/01/2025,Sugar,Raw,Eastern,8,15.05,120.4
214,07/02/2025,Tea,Beverage,Volta,20,5.28,105.6
215,24/04/2025,Sugar,Raw,Volta,16,12.79,204.64
216,10/05/2025,Cocoa Beans,Raw,Greater Accra,11,17.53,192.83
217,23/04/2025,Coffee,Beverage,Ashanti,14,18.37,257.18
218,15/04/2025,Tea,Beverage,Ashanti,16,16.25,260
219,22/03/2025,Coffee,Beverage,Greater Accra,3,23.51,70.53
220,03/01/2025,Cocoa Beans,Raw,Greater Accra,18,15.65,281.7
221,08/01/2025,Cocoa Beans,Raw,Volta,4,23.48,93.92
222,05/04/2025,Cocoa Beans,Raw,Ashanti,5,20.49,102.45
223,08/05/2025,Coffee,Beverage,Greater Accra,2,22.46,44.92
224,31/01/2025,Milk,Dairy,Greater Accra,17,15.94,270.98
225,07/03/2025,Milk,Dairy,Volta,4,12.02,48.08
226,28/01/2025,Cocoa Beans,Raw,Greater Accra,18,7.11,127.98
227,16/03/2025,Coffee,Beverage,Ashanti,3,11.05,33.15
228,27/05/2025,Milk,Dairy,Eastern,11,15.08,165.88
229,21/05/2025,Sugar,Raw,Eastern,14,19.08,267.12
230,01/04/2025,Sugar,Raw,Volta,8,22.83,182.64
231,12/01/2025,Milk,Dairy,Greater Accra,4,15.26,61.04
232,22/03/2025,Chocolate Bar,Finished,Greater Accra,9,10.45,94.05
233,21/01/2025,Coffee,Beverage,Volta,1,14.21,14.21
234,08/01/2025,Cocoa Beans,Raw,Eastern,9,23.77,213.93
235,07/04/2025,Coffee,Beverage,Eastern,20,24.52,490.4
236,20/05/2025,Chocolate Bar,Finished,Ashanti,8,15.87,126.96
237,25/01/2025,Tea,Beverage,Eastern,5,10.22,51.1
238,18/03/2025,Sugar,Raw,Western,19,16.51,313.69
239,13/04/2025,Milk,Dairy,Volta,1,7.74,7.74
240,16/05/2025,Sugar,Raw,Greater Accra,1,5.49,5.49
241,11/05/2025,Sugar,Raw,Ashanti,10,8.35,83.5
242,03/02/2025,Chocolate Bar,Finished,Greater Accra,2,22.47,44.94
243,21/03/2025,Tea,Beverage,Volta,18,21.92,394.56
244,02/04/2025,Cocoa Beans,Raw,Western,10,6.91,69.1
245,27/02/2025,Sugar,Raw,Volta,1,16.91,16.91
246,06/03/2025,Tea,Beverage,Greater Accra,4,12.06,48.24
247,15/03/2025,Cocoa Beans,Raw,Ashanti,13,13.65,177.45
248,27/05/2025,Sugar,Raw,Eastern,10,16.05,160.5
249,04/01/2025,Sugar,Raw,Greater Accra,6,22.65,135.9
250,09/03/2025,Sugar,Raw,Volta,18,5.91,106.38
251,17/05/2025,Milk,Dairy,Eastern,10,10.41,104.1
252,15/05/2025,Chocolate Bar,Finished,Volta,9,21.4,192.6
253,17/03/2025,Cocoa Beans,Raw,Eastern,14,9.4,131.6
254,08/01/2025,Milk,Dairy,Ashanti,18,19.48,350.64
255,18/01/2025,Chocolate Bar,Finished,Volta,7,16.38,114.66
256,03/02/2025,Cocoa Beans,Raw,Western,11,12.04,132.44
257,17/03/2025,Coffee,Beverage,Volta,18,22.39,403.02
258,17/02/2025,Chocolate Bar,Finished,Ashanti,16,13.31,212.96
259,10/02/2025,Coffee,Beverage,Volta,11,15.09,165.99
260,02/01/2025,Tea,Beverage,Western,14,21.74,304.36
261,08/05/2025,Chocolate Bar,Finished,Greater Accra,14,19.7,275.8
262,09/03/2025,Tea,Beverage,Volta,6,8.17,49.02
263,21/02/2025,Milk,Dairy,Western,14,20.5,287
264,04/03/2025,Chocolate Bar,Finished,Western,7,13.67,95.69
265,20/05/2025,Chocolate Bar,Finished,Eastern,1,20.36,20.36
266,06/05/2025,Sugar,Raw,Greater Accra,13,17.23,223.99
267,10/04/2025,Sugar,Raw,Ashanti,3,19.44,58.32
268,21/05/2025,Tea,Beverage,Volta,1,18.54,18.54
269,03/05/2025,Cocoa Beans,Raw,Eastern,4,20.75,83
270,24/05/2025,Cocoa Beans,Raw,Western,12,23.02,276.24
271,19/01/2025,Coffee,Beverage,Eastern,3,8.44,25.32
272,07/01/2025,Coffee,Beverage,Western,7,21.2,148.4
273,14/02/2025,Coffee,Beverage,Greater Accra,14,5.44,76.16
274,08/05/2025,Coffee,Beverage,Ashanti,9,16.68,150.12
275,16/03/2025,Sugar,Raw,Ashanti,17,11,187
276,16/05/2025,Cocoa Beans,Raw,Greater Accra,15,8.16,122.4
277,30/01/2025,Cocoa Beans,Raw,Volta,11,12.55,138.05
278,20/02/2025,Chocolate Bar,Finished,Ashanti,17,12.91,219.47
279,20/01/2025,Sugar,Raw,Western,5,16.65,83.25
280,29/05/2025,Sugar,Raw,Volta,10,23.83,238.3
281,11/05/2025,Coffee,Beverage,Greater Accra,2,5.48,10.96
282,10/05/2025,Chocolate Bar,Finished,Ashanti,18,22.71,408.78
283,25/02/2025,Sugar,Raw,Western,7,12.16,85.12
284,22/02/2025,Milk,Dairy,Eastern,16,13.21,211.36
285,27/04/2025,Milk,Dairy,Western,11,10.19,112.09
286,04/03/2025,Sugar,Raw,Eastern,4,15.79,63.16
287,14/01/2025,Cocoa Beans,Raw,Volta,14,19.95,279.3
288,11/02/2025,Cocoa Beans,Raw,Greater Accra,16,10.49,167.84
289,02/03/2025,Sugar,Raw,Eastern,7,23.79,166.53
290,31/03/2025,Milk,Dairy,Volta,15,14.64,219.6
291,06/05/2025,Tea,Beverage,Western,17,21.41,363.97
292,12/02/2025,Milk,Dairy,Greater Accra,9,19.17,172.53
293,30/01/2025,Sugar,Raw,Western,8,14.03,112.24
294,22/03/2025,Milk,Dairy,Ashanti,8,14.94,119.52
295,08/05/2025,Cocoa Beans,Raw,Eastern,8,19.21,153.68
296,17/03/2025,Milk,Dairy,Ashanti,15,18.81,282.15
297,29/01/2025,Tea,Beverage,Greater Accra,4,9.68,38.72
298,16/01/2025,Sugar,Raw,Greater Accra,17,12.76,216.92
299,04/04/2025,Milk,Dairy,Volta,6,21.35,128.1
300,11/03/2025,Sugar,Raw,Volta,10,22.63,226.3
301,25/01/2025,Coffee,Beverage,Ashanti,6,21.99,131.94
302,01/04/2025,Cocoa Beans,Raw,Ashanti,12,16.73,200.76
303,04/04/2025,Sugar,Raw,Volta,11,11.7,128.7
304,30/03/2025,Chocolate Bar,Finished,Greater Accra,12,22.09,265.08
305,11/01/2025,Sugar,Raw,Eastern,4,23.05,92.2
306,16/03/2025,Cocoa Beans,Raw,Western,3,16.35,49.05
307,01/04/2025,Cocoa Beans,Raw,Greater Accra,16,18.71,299.36
308,16/03/2025,Cocoa Beans,Raw,Eastern,20,15.23,304.6
309,19/04/2025,Chocolate Bar,Finished,Western,17,17.42,296.14
310,04/02/2025,Sugar,Raw,Greater Accra,15,8.85,132.75
311,26/01/2025,Coffee,Beverage,Greater Accra,9,8.32,74.88
312,28/05/2025,Tea,Beverage,Ashanti,2,9.3,18.6
313,25/04/2025,Tea,Beverage,Volta,18,5.27,94.86
314,11/04/2025,Sugar,Raw,Volta,19,15.24,289.56
315,06/01/2025,Chocolate Bar,Finished,Western,11,6.69,73.59
316,01/02/2025,Cocoa Beans,Raw,Eastern,19,21.26,403.94
317,18/01/2025,Coffee,Beverage,Eastern,3,19.26,57.78
318,05/04/2025,Chocolate Bar,Finished,Western,14,7.38,103.32
319,13/02/2025,Chocolate Bar,Finished,Greater Accra,7,6.58,46.06
320,01/05/2025,Coffee,Beverage,Ashanti,12,8.12,97.44
321,13/05/2025,Tea,Beverage,Ashanti,1,14.53,14.53
322,13/01/2025,Cocoa Beans,Raw,Eastern,4,10.9,43.6
323,07/03/2025,Cocoa Beans,Raw,Western,3,9.67,29.01
324,10/03/2025,Chocolate Bar,Finished,Eastern,9,17.05,153.45
325,18/03/2025,Cocoa Beans,Raw,Greater Accra,10,22.39,223.9
326,23/05/2025,Coffee,Beverage,Volta,6,24.32,145.92
327,07/05/2025,Chocolate Bar,Finished,Volta,4,10.33,41.32
328,03/02/2025,Milk,Dairy,Ashanti,15,19.81,297.15
329,05/01/2025,Chocolate Bar,Finished,Volta,16,5.21,83.36
330,06/03/2025,Tea,Beverage,Greater Accra,7,14.27,99.89
331,17/05/2025,Sugar,Raw,Greater Accra,10,7.48,74.8
332,07/04/2025,Sugar,Raw,Greater Accra,19,23.82,452.58
333,27/03/2025,Milk,Dairy,Ashanti,14,11.08,155.12
334,17/01/2025,Milk,Dairy,Eastern,9,14.28,128.52
335,04/03/2025,Chocolate Bar,Finished,Western,19,10.3,195.7
336,22/01/2025,Coffee,Beverage,Western,1,24.83,24.83
337,05/05/2025,Chocolate Bar,Finished,Eastern,12,12.44,149.28
338,21/04/2025,Milk,Dairy,Ashanti,5,18.66,93.3
339,29/03/2025,Chocolate Bar,Finished,Greater Accra,12,7.69,92.28
340,09/05/2025,Tea,Beverage,Western,11,15.25,167.75
341,18/01/2025,Cocoa Beans,Raw,Volta,7,24.67,172.69
342,21/04/2025,Chocolate Bar,Finished,Volta,5,7.6,38
343,06/03/2025,Tea,Beverage,Eastern,18,24.03,432.54
344,16/02/2025,Milk,Dairy,Western,8,10.31,82.48
345,12/02/2025,Coffee,Beverage,Ashanti,1,10.02,10.02
346,02/04/2025,Coffee,Beverage,Ashanti,19,20.43,388.17
347,01/04/2025,Milk,Dairy,Volta,8,23.11,184.88
348,26/01/2025,Milk,Dairy,Volta,1,14.25,14.25
349,10/01/2025,Chocolate Bar,Finished,Ashanti,13,14.73,191.49
350,07/05/2025,Cocoa Beans,Raw,Volta,8,23.06,184.48
351,19/05/2025,Chocolate Bar,Finished,Western,18,20.12,362.16
352,09/01/2025,Coffee,Beverage,Ashanti,9,20.37,183.33
353,25/04/2025,Sugar,Raw,Greater Accra,19,24.97,474.43
354,08/03/2025,Chocolate Bar,Finished,Volta,14,7.05,98.7
355,21/01/2025,Cocoa Beans,Raw,Volta,4,5.4,21.6
356,28/02/2025,Sugar,Raw,Western,20,12.51,250.2
357,20/05/2025,Tea,Beverage,Ashanti,13,5.04,65.52
358,19/04/2025,Coffee,Beverage,Greater Accra,10,17.76,177.6
359,24/01/2025,Tea,Beverage,Volta,13,23.79,309.27
360,17/05/2025,Coffee,Beverage,Volta,19,19.55,371.45
361,10/03/2025,Chocolate Bar,Finished,Western,6,5.57,33.42
362,24/03/2025,Cocoa Beans,Raw,Volta,13,18.9,245.7
363,30/01/2025,Tea,Beverage,Western,7,17.73,124.11
364,23/04/2025,Coffee,Beverage,Ashanti,12,14.9,178.8
365,26/03/2025,Cocoa Beans,Raw,Greater Accra,15,11.29,169.35
366,25/03/2025,Coffee,Beverage,Greater Accra,2,18.27,36.54
367,08/05/2025,Chocolate Bar,Finished,Western,11,21.28,234.08
368,27/02/2025,Cocoa Beans,Raw,Eastern,10,8.79,87.9
369,03/03/2025,Chocolate Bar,Finished,Ashanti,2,18.16,36.32
370,17/04/2025,Milk,Dairy,Ashanti,16,17.4,278.4
371,21/05/2025,Milk,Dairy,Volta,3,8.47,25.41
372,22/04/2025,Chocolate Bar,Finished,Greater Accra,4,6.87,27.48
373,10/02/2025,Coffee,Beverage,Ashanti,3,7.12,21.36
374,24/04/2025,Cocoa Beans,Raw,Ashanti,3,24.25,72.75
375,24/01/2025,Milk,Dairy,Ashanti,7,7.65,53.55
376,03/05/2025,Coffee,Beverage,Greater Accra,11,20.17,221.87
377,24/04/2025,Tea,Beverage,Eastern,8,16.08,128.64
378,01/03/2025,Cocoa Beans,Raw,Volta,4,16.56,66.24
379,29/05/2025,Milk,Dairy,Greater Accra,3,23.18,69.54
380,05/02/2025,Sugar,Raw,Eastern,7,10.07,70.49
381,12/02/2025,Cocoa Beans,Raw,Ashanti,15,22.6,339
382,05/01/2025,Milk,Dairy,Greater Accra,9,18.39,165.51
383,10/01/2025,Chocolate Bar,Finished,Ashanti,12,24.69,296.28
384,07/04/2025,Milk,Dairy,Greater Accra,15,20.65,309.75
385,04/05/2025,Milk,Dairy,Greater Accra,19,11.66,221.54
386,01/03/2025,Milk,Dairy,Ashanti,15,23.88,358.2
387,01/02/2025,Cocoa Beans,Raw,Western,11,16.29,179.19
388,17/03/2025,Cocoa Beans,Raw,Ashanti,6,13.01,78.06
389,13/02/2025,Coffee,Beverage,Ashanti,10,19.05,190.5
390,13/05/2025,Coffee,Beverage,Ashanti,15,5.24,78.6
391,17/04/2025,Cocoa Beans,Raw,Greater Accra,14,19.65,275.1
392,17/03/2025,Milk,Dairy,Volta,9,19.47,175.23
393,20/05/2025,Milk,Dairy,Ashanti,12,9.36,112.32
394,05/01/2025,Chocolate Bar,Finished,Western,5,6.29,31.45
395,07/04/2025,Tea,Beverage,Volta,11,21.55,237.05
396,16/03/2025,Milk,Dairy,Eastern,16,11.09,177.44
397,12/05/2025,Milk,Dairy,Western,2,20.33,40.66
398,19/03/2025,Coffee,Beverage,Eastern,10,7.5,75
399,20/02/2025,Chocolate Bar,Finished,Greater Accra,18,9.5,171
400,03/04/2025,Milk,Dairy,Ashanti,19,7.9,150.1
401,27/03/2025,Milk,Dairy,Ashanti,2,6.08,12.16
402,25/01/2025,Coffee,Beverage,Volta,6,21.97,131.82
403,09/02/2025,Coffee,Beverage,Ashanti,9,24.39,219.51
404,05/01/2025,Tea,Beverage,Greater Accra,15,24.85,372.75
405,06/05/2025,Milk,Dairy,Greater Accra,13,20.68,268.84
406,19/05/2025,Cocoa Beans,Raw,Volta,1,17.93,17.93
407,04/02/2025,Chocolate Bar,Finished,Ashanti,14,24.77,346.78
408,26/05/2025,Milk,Dairy,Volta,1,19.01,19.01
409,04/03/2025,Coffee,Beverage,Eastern,11,14.66,161.26
410,24/03/2025,Milk,Dairy,Volta,8,9.7,77.6
411,18/01/2025,Milk,Dairy,Greater Accra,2,5.43,10.86
412,03/03/2025,Cocoa Beans,Raw,Ashanti,1,11.17,11.17
413,13/03/2025,Sugar,Raw,Volta,11,20.76,228.36
414,17/01/2025,Coffee,Beverage,Eastern,7,19.32,135.24
415,14/01/2025,Tea,Beverage,Ashanti,9,22.36,201.24
416,06/02/2025,Tea,Beverage,Greater Accra,16,9.86,157.76
417,09/05/2025,Tea,Beverage,Western,20,10.09,201.8
418,20/01/2025,Chocolate Bar,Finished,Greater Accra,5,14.69,73.45
419,18/02/2025,Coffee,Beverage,Western,11,18.75,206.25
420,19/04/2025,Cocoa Beans,Raw,Greater Accra,6,15.19,91.14
421,01/04/2025,Milk,Dairy,Greater Accra,11,22.83,251.13
422,28/05/2025,Milk,Dairy,Volta,4,22.84,91.36
423,05/04/2025,Coffee,Beverage,Volta,12,13.05,156.6
424,03/02/2025,Sugar,Raw,Ashanti,19,8.99,170.81
425,08/02/2025,Cocoa Beans,Raw,Greater Accra,18,15.06,271.08
426,08/02/2025,Milk,Dairy,Ashanti,14,15.03,210.42
427,23/03/2025,Sugar,Raw,Eastern,10,15.25,152.5
428,25/04/2025,Coffee,Beverage,Eastern,18,9.55,171.9
429,27/02/2025,Tea,Beverage,Ashanti,7,14.85,103.95
430,17/01/2025,Cocoa Beans,Raw,Eastern,17,22.5,382.5
431,24/05/2025,Coffee,Beverage,Western,15,19.6,294
432,27/02/2025,Chocolate Bar,Finished,Western,14,5.62,78.68
433,09/05/2025,Milk,Dairy,Eastern,5,19.29,96.45
434,17/05/2025,Cocoa Beans,Raw,Volta,7,22.9,160.3
435,23/03/2025,Milk,Dairy,Eastern,17,21.7,368.9
436,26/03/2025,Cocoa Beans,Raw,Eastern,5,18.15,90.75
437,19/01/2025,Chocolate Bar,Finished,Greater Accra,19,7.17,136.23
438,28/05/2025,Milk,Dairy,Greater Accra,14,8.25,115.5
439,01/04/2025,Tea,Beverage,Eastern,13,21.22,275.86
440,13/01/2025,Chocolate Bar,Finished,Greater Accra,19,16.72,317.68
441,16/03/2025,Chocolate Bar,Finished,Volta,11,15.95,175.45
442,27/05/2025,Tea,Beverage,Eastern,4,8.58,34.32
443,24/01/2025,Milk,Dairy,Eastern,9,23.76,213.84
444,26/01/2025,Coffee,Beverage,Volta,11,13.8,151.8
445,11/02/2025,Milk,Dairy,Ashanti,2,8.11,16.22
446,21/05/2025,Tea,Beverage,Eastern,1,20.44,20.44
447,09/03/2025,Sugar,Raw,Western,4,20.3,81.2
448,05/05/2025,Tea,Beverage,Western,3,22.38,67.14
449,18/03/2025,Tea,Beverage,Eastern,15,6.97,104.55
450,09/01/2025,Tea,Beverage,Ashanti,11,21.28,234.08
451,21/02/2025,Cocoa Beans,Raw,Western,18,7.94,142.92
452,11/05/2025,Coffee,Beverage,Greater Accra,12,7.96,95.52
453,18/05/2025,Milk,Dairy,Greater Accra,6,21.19,127.14
454,12/05/2025,Milk,Dairy,Greater Accra,4,9.23,36.92
455,29/04/2025,Tea,Beverage,Volta,12,22.79,273.48
456,14/03/2025,Chocolate Bar,Finished,Eastern,20,16.83,336.6
457,05/01/2025,Sugar,Raw,Greater Accra,10,18.94,189.4
458,23/01/2025,Coffee,Beverage,Ashanti,16,11.05,176.8
459,22/04/2025,Milk,Dairy,Greater Accra,14,24.16,338.24
460,18/04/2025,Coffee,Beverage,Western,1,15.67,15.67
461,08/03/2025,Cocoa Beans,Raw,Western,4,10.25,41
462,28/02/2025,Cocoa Beans,Raw,Western,13,19.55,254.15
463,17/03/2025,Sugar,Raw,Greater Accra,6,19.74,118.44
464,18/03/2025,Coffee,Beverage,Eastern,12,6.5,78
465,05/01/2025,Coffee,Beverage,Ashanti,15,20.26,303.9
466,09/03/2025,Chocolate Bar,Finished,Greater Accra,19,9.94,188.86
467,09/05/2025,Chocolate Bar,Finished,Volta,20,24.13,482.6
468,11/05/2025,Tea,Beverage,Ashanti,4,20.55,82.2
469,23/01/2025,Sugar,Raw,Eastern,20,19.67,393.4
470,28/03/2025,Coffee,Beverage,Eastern,10,24.38,243.8
471,17/04/2025,Milk,Dairy,Western,8,7.83,62.64
472,10/03/2025,Chocolate Bar,Finished,Western,11,14.55,160.05
473,11/03/2025,Cocoa Beans,Raw,Greater Accra,15,12.22,183.3
474,09/03/2025,Coffee,Beverage,Volta,3,13.49,40.47
475,12/04/2025,Cocoa Beans,Raw,Greater Accra,12,6.33,75.96
476,16/02/2025,Sugar,Raw,Western,15,21.64,324.6
477,18/05/2025,Milk,Dairy,Eastern,18,14.38,258.84
478,26/05/2025,Sugar,Raw,Ashanti,20,7.26,145.2
479,29/05/2025,Sugar,Raw,Western,9,21.19,190.71
480,29/01/2025,Cocoa Beans,Raw,Western,8,6.85,54.8
481,14/02/2025,Tea,Beverage,Western,9,10.55,94.95
482,01/04/2025,Tea,Beverage,Greater Accra,17,10.3,175.1
483,14/04/2025,Coffee,Beverage,Ashanti,5,20.66,103.3
484,26/01/2025,Coffee,Beverage,Eastern,6,5.35,32.1
485,25/05/2025,Tea,Beverage,Ashanti,10,7.47,74.7
486,11/05/2025,Tea,Beverage,Eastern,5,23.04,115.2
487,10/05/2025,Chocolate Bar,Finished,Western,14,13.44,188.16
488,03/03/2025,Sugar,Raw,Ashanti,5,19.88,99.4
489,28/03/2025,Milk,Dairy,Greater Accra,5,20.78,103.9
490,15/02/2025,Coffee,Beverage,Volta,2,6.85,13.7
491,05/03/2025,Cocoa Beans,Raw,Eastern,12,23.63,283.56
492,25/02/2025,Sugar,Raw,Western,9,9.12,82.08
493,05/05/2025,Sugar,Raw,Ashanti,2,7.73,15.46
494,09/02/2025,Milk,Dairy,Greater Accra,12,11.53,138.36
495,13/03/2025,Chocolate Bar,Finished,Eastern,14,8.58,120.12
496,22/02/2025,Chocolate Bar,Finished,Greater Accra,17,21.34,362.78
497,27/01/2025,Coffee,Beverage,Greater Accra,7,8.92,62.44
498,19/01/2025,Tea,Beverage,Eastern,11,23.95,263.45
499,25/02/2025,Sugar,Raw,Greater Accra,15,12.42,186.3
500,27/01/2025,Tea,Beverage,Greater Accra,10,12.86,128.6
501,17/03/2025,Cocoa Beans,Raw,Greater Accra,14,15.88,26.17
502,25/03/2025,Chocolate Bar,Finished,Eastern,8,19.57,167.35
503,01/05/2025,Milk,Dairy,Eastern,16,6.21,70.05
504,06/05/2025,Chocolate Bar,Finished,Ashanti,6,23.82,37.84
505,12/03/2025,Cocoa Beans,Raw,Ashanti,16,44.06,295.94
506,16/02/2025,Tea,Beverage,Eastern,17,32.08,8.25
507,14/01/2025,Chocolate Bar,Finished,Volta,6,24.21,169.23
508,17/03/2025,Coffee,Beverage,Volta,1,25.58,323.87
509,15/04/2025,Tea,Beverage,Western,8,45.59,310.72
510,08/04/2025,Cocoa Beans,Raw,Volta,5,6.92,322.58
511,30/05/2025,Chocolate Bar,Finished,Ashanti,1,14.78,248.77
512,11/03/2025,Cocoa Beans,Raw,Ashanti,5,10.70,196.74
513,09/01/2025,Sugar,Raw,Ashanti,12,10.12,260.80
514,12/04/2025,Milk,Dairy,Western,11,26.57,209.58
515,05/05/2025,Chocolate Bar,Finished,Volta,16,26.39,270.40
516,26/02/2025,Milk,Dairy,Greater Accra,19,38.35,291.62
517,22/01/2025,Sugar,Raw,Ashanti,15,17.57,23.16
518,13/04/2025,Chocolate Bar,Finished,Volta,5,41.50,41.51
519,17/04/2025,Cocoa Beans,Raw,Volta,5,19.56,50.78
520,21/04/2025,Coffee,Beverage,Eastern,2,21.02,65.61
521,12/02/2025,Chocolate Bar,Finished,Western,4,29.06,216.51
522,12/04/2025,Cocoa Beans,Raw,Eastern,3,38.98,175.86
523,22/03/2025,Tea,Beverage,Eastern,17,35.68,273.27
524,15/01/2025,Sugar,Raw,Eastern,12,9.09,69.47
525,07/02/2025,Tea,Beverage,Volta,8,25.98,237.00
526,24/04/2025,Sugar,Raw,Volta,11,12.39,199.62
527,10/05/2025,Cocoa Beans,Raw,Greater Accra,9,22.66,189.57
528,23/04/2025,Coffee,Beverage,Ashanti,7,44.81,249.71
529,15/04/2025,Tea,Beverage,Ashanti,16,20.43,249.26
530,22/03/2025,Coffee,Beverage,Greater Accra,18,12.07,251.48
531,03/01/2025,Cocoa Beans,Raw,Greater Accra,1,28.90,319.53
532,08/01/2025,Cocoa Beans,Raw,Volta,4,26.71,269.46
533,05/04/2025,Cocoa Beans,Raw,Ashanti,13,32.61,137.46
534,08/05/2025,Coffee,Beverage,Greater Accra,9,25.23,225.65
535,31/01/2025,Milk,Dairy,Greater Accra,19,24.99,256.94
536,07/03/2025,Milk,Dairy,Volta,18,29.08,207.86
537,28/01/2025,Cocoa Beans,Raw,Greater Accra,6,29.77,27.60
538,16/03/2025,Coffee,Beverage,Ashanti,4,30.40,92.06
539,27/05/2025,Milk,Dairy,Eastern,14,14.98,305.83
540,21/05/2025,Sugar,Raw,Eastern,5,32.73,312.58
541,01/04/2025,Sugar,Raw,Volta,7,9.13,311.11
542,12/01/2025,Milk,Dairy,Greater Accra,16,12.79,220.95
543,22/03/2025,Chocolate Bar,Finished,Greater Accra,18,26.88,45.39
544,21/01/2025,Coffee,Beverage,Volta,14,5.07,158.53
545,08/01/2025,Cocoa Beans,Raw,Eastern,10,21.37,92.58
546,07/04/2025,Coffee,Beverage,Eastern,14,37.31,67.37
547,20/05/2025,Chocolate Bar,Finished,Ashanti,4,7.68,198.47
548,25/01/2025,Tea,Beverage,Eastern,13,29.51,280.37
549,18/03/2025,Sugar,Raw,Western,15,30.50,234.50
550,13/04/2025,Milk,Dairy,Volta,9,40.54,201.43
551,16/05/2025,Sugar,Raw,Greater Accra,19,31.56,349.74
552,11/05/2025,Sugar,Raw,Ashanti,10,46.00,295.13
553,03/02/2025,Chocolate Bar,Finished,Greater Accra,11,33.97,308.30
554,21/03/2025,Tea,Beverage,Volta,10,35.74,38.74
555,02/04/2025,Cocoa Beans,Raw,Western,18,49.11,278.45
556,27/02/2025,Sugar,Raw,Volta,13,24.04,67.91
557,06/03/2025,Tea,Beverage,Greater Accra,6,28.93,314.90
558,15/03/2025,Cocoa Beans,Raw,Ashanti,18,41.89,259.31
559,27/05/2025,Sugar,Raw,Eastern,12,39.80,271.61
560,04/01/2025,Sugar,Raw,Greater Accra,7,48.11,87.44
561,09/03/2025,Sugar,Raw,Volta,7,40.07,55.63
562,17/05/2025,Milk,Dairy,Eastern,13,25.11,274.55
563,15/05/2025,Chocolate Bar,Finished,Volta,6,32.76,149.88
564,17/03/2025,Cocoa Beans,Raw,Eastern,18,10.40,83.29
565,08/01/2025,Milk,Dairy,Ashanti,6,25.14,245.69
566,18/01/2025,Chocolate Bar,Finished,Volta,13,42.51,92.15
567,03/02/2025,Cocoa Beans,Raw,Western,19,42.09,170.61
568,17/03/2025,Coffee,Beverage,Volta,12,14.53,142.46
569,17/02/2025,Chocolate Bar,Finished,Ashanti,14,39.53,264.15
570,10/02/2025,Coffee,Beverage,Volta,20,35.65,332.39
571,02/01/2025,Tea,Beverage,Western,1,25.39,136.86
572,08/05/2025,Chocolate Bar,Finished,Greater Accra,2,28.38,335.14
573,09/03/2025,Tea,Beverage,Volta,11,36.38,131.07
574,21/02/2025,Milk,Dairy,Western,15,44.05,346.26
575,04/03/2025,Chocolate Bar,Finished,Western,20,48.22,262.80
576,20/05/2025,Chocolate Bar,Finished,Eastern,15,21.59,168.82
577,06/05/2025,Sugar,Raw,Greater Accra,10,33.37,181.82
578,10/04/2025,Sugar,Raw,Ashanti,19,40.38,343.67
579,21/05/2025,Tea,Beverage,Volta,3,13.67,179.64
580,03/05/2025,Cocoa Beans,Raw,Eastern,9,40.20,278.58
581,24/05/2025,Cocoa Beans,Raw,Western,15,31.75,26.45
582,19/01/2025,Coffee,Beverage,Eastern,5,24.67,82.03
583,07/01/2025,Coffee,Beverage,Western,4,33.39,305.65
584,14/02/2025,Coffee,Beverage,Greater Accra,16,38.87,305.98
585,08/05/2025,Coffee,Beverage,Ashanti,20,31.32,305.21
586,16/03/2025,Sugar,Raw,Ashanti,12,48.58,230.69
587,16/05/2025,Cocoa Beans,Raw,Greater Accra,9,40.90,232.38
588,30/01/2025,Cocoa Beans,Raw,Volta,18,11.26,326.05
589,20/02/2025,Chocolate Bar,Finished,Ashanti,9,11.20,271.00
590,20/01/2025,Sugar,Raw,Western,19,49.21,181.93
591,29/05/2025,Sugar,Raw,Volta,4,29.09,103.22
592,11/05/2025,Coffee,Beverage,Greater Accra,1,31.56,238.14
593,10/05/2025,Chocolate Bar,Finished,Ashanti,2,13.10,71.59
594,25/02/2025,Sugar,Raw,Western,2,24.34,218.91
595,22/02/2025,Milk,Dairy,Eastern,1,13.55,125.90
596,27/04/2025,Milk,Dairy,Western,11,19.20,95.61
597,04/03/2025,Sugar,Raw,Eastern,1,22.35,163.49
598,14/01/2025,Cocoa Beans,Raw,Volta,18,36.12,59.93
599,11/02/2025,Cocoa Beans,Raw,Greater Accra,2,8.35,270.85
600,02/03/2025,Sugar,Raw,Eastern,13,7.25,275.47
601,31/03/2025,Milk,Dairy,Volta,8,49.87,46.01
602,06/05/2025,Tea,Beverage,Western,16,47.85,166.69
603,12/02/2025,Milk,Dairy,Greater Accra,8,14.05,292.97
604,30/01/2025,Sugar,Raw,Western,10,31.47,146.15
605,22/03/2025,Milk,Dairy,Ashanti,11,39.00,287.25
606,08/05/2025,Cocoa Beans,Raw,Eastern,11,12.59,175.64
607,17/03/2025,Milk,Dairy,Ashanti,5,28.18,77.66
608,29/01/2025,Tea,Beverage,Greater Accra,15,44.70,248.45
609,16/01/2025,Sugar,Raw,Greater Accra,15,28.03,55.51
610,04/04/2025,Milk,Dairy,Volta,14,23.55,335.57
611,11/03/2025,Sugar,Raw,Volta,14,15.39,172.17
612,25/01/2025,Coffee,Beverage,Ashanti,10,31.25,182.47
613,01/04/2025,Cocoa Beans,Raw,Ashanti,18,31.14,102.08
614,04/04/2025,Sugar,Raw,Volta,7,17.22,149.66
615,30/03/2025,Chocolate Bar,Finished,Greater Accra,17,39.60,47.46
616,11/01/2025,Sugar,Raw,Eastern,5,29.63,130.21
617,16/03/2025,Cocoa Beans,Raw,Western,13,37.67,116.42
618,01/04/2025,Cocoa Beans,Raw,Greater Accra,12,8.74,139.64
619,16/03/2025,Cocoa Beans,Raw,Eastern,13,28.34,155.64
620,19/04/2025,Chocolate Bar,Finished,Western,5,5.68,136.10
621,04/02/2025,Sugar,Raw,Greater Accra,2,48.66,135.09
622,26/01/2025,Coffee,Beverage,Greater Accra,14,36.93,273.65
623,28/05/2025,Tea,Beverage,Ashanti,9,9.00,21.00
624,25/04/2025,Tea,Beverage,Volta,6,10.27,209.44
625,11/04/2025,Sugar,Raw,Volta,11,38.07,15.30
626,06/01/2025,Chocolate Bar,Finished,Western,13,24.48,8.80
627,01/02/2025,Cocoa Beans,Raw,Eastern,14,43.05,16.67
628,18/01/2025,Coffee,Beverage,Eastern,5,49.94,335.40
629,05/04/2025,Chocolate Bar,Finished,Western,5,9.58,68.08
630,13/02/2025,Chocolate Bar,Finished,Greater Accra,6,39.85,306.91
631,01/05/2025,Coffee,Beverage,Ashanti,8,45.20,209.56
632,13/05/2025,Tea,Beverage,Ashanti,13,30.61,66.98
633,13/01/2025,Cocoa Beans,Raw,Eastern,19,6.75,108.17
634,07/03/2025,Cocoa Beans,Raw,Western,20,30.63,42.21
635,10/03/2025,Chocolate Bar,Finished,Eastern,9,44.88,217.68
636,18/03/2025,Cocoa Beans,Raw,Greater Accra,16,25.00,104.57
637,23/05/2025,Coffee,Beverage,Volta,9,49.41,289.62
638,07/05/2025,Chocolate Bar,Finished,Volta,10,37.81,256.75
639,03/02/2025,Milk,Dairy,Ashanti,10,49.70,281.36
640,05/01/2025,Chocolate Bar,Finished,Volta,3,48.14,69.00
641,06/03/2025,Tea,Beverage,Greater Accra,13,9.64,224.67
642,17/05/2025,Sugar,Raw,Greater Accra,17,45.18,52.80
643,07/04/2025,Sugar,Raw,Greater Accra,12,17.22,180.11
644,27/03/2025,Milk,Dairy,Ashanti,14,32.24,234.67
645,17/01/2025,Milk,Dairy,Eastern,13,39.27,313.32
646,04/03/2025,Chocolate Bar,Finished,Western,1,6.50,209.84
647,22/01/2025,Coffee,Beverage,Western,16,26.35,196.45
648,05/05/2025,Chocolate Bar,Finished,Eastern,20,37.68,323.37
649,21/04/2025,Milk,Dairy,Ashanti,9,32.61,243.29
650,29/03/2025,Chocolate Bar,Finished,Greater Accra,4,22.62,104.24
651,09/05/2025,Tea,Beverage,Western,5,32.59,170.76
652,18/01/2025,Cocoa Beans,Raw,Volta,14,49.71,349.20
653,21/04/2025,Chocolate Bar,Finished,Volta,16,37.56,345.15
654,06/03/2025,Tea,Beverage,Eastern,11,5.43,9.18
655,16/02/2025,Milk,Dairy,Western,10,45.08,176.45
656,12/02/2025,Coffee,Beverage,Ashanti,4,23.09,15.60
657,02/04/2025,Coffee,Beverage,Ashanti,14,12.83,341.74
658,01/04/2025,Milk,Dairy,Volta,14,24.56,175.19
659,26/01/2025,Milk,Dairy,Volta,20,24.07,81.77
660,10/01/2025,Chocolate Bar,Finished,Ashanti,8,43.66,137.64
661,07/05/2025,Cocoa Beans,Raw,Volta,5,22.98,275.50
662,19/05/2025,Chocolate Bar,Finished,Western,8,7.45,185.73
663,09/01/2025,Coffee,Beverage,Ashanti,19,5.98,289.99
664,25/04/2025,Sugar,Raw,Greater Accra,9,37.55,137.08
665,08/03/2025,Chocolate Bar,Finished,Volta,20,47.32,82.06
666,21/01/2025,Cocoa Beans,Raw,Volta,18,11.00,335.96
667,28/02/2025,Sugar,Raw,Western,1,25.50,42.28
668,20/05/2025,Tea,Beverage,Ashanti,5,44.16,61.90
669,19/04/2025,Coffee,Beverage,Greater Accra,18,14.50,7.99
670,24/01/2025,Tea,Beverage,Volta,8,34.49,277.20
671,17/05/2025,Coffee,Beverage,Volta,18,17.01,215.89
672,10/03/2025,Chocolate Bar,Finished,Western,11,7.13,63.89
673,24/03/2025,Cocoa Beans,Raw,Volta,5,19.79,219.84
674,30/01/2025,Tea,Beverage,Western,1,45.78,324.61
675,23/04/2025,Coffee,Beverage,Ashanti,3,5.67,175.26
676,26/03/2025,Cocoa Beans,Raw,Greater Accra,17,17.15,212.99
677,25/03/2025,Coffee,Beverage,Greater Accra,7,21.00,342.75
678,08/05/2025,Chocolate Bar,Finished,Western,9,18.45,252.35
679,27/02/2025,Cocoa Beans,Raw,Eastern,6,45.04,20.93
680,03/03/2025,Chocolate Bar,Finished,Ashanti,8,38.66,196.14
681,17/04/2025,Milk,Dairy,Ashanti,20,35.63,105.33
682,21/05/2025,Milk,Dairy,Volta,11,27.82,331.32
683,22/04/2025,Chocolate Bar,Finished,Greater Accra,14,26.33,235.61
684,10/02/2025,Coffee,Beverage,Ashanti,6,30.61,198.38
685,24/04/2025,Cocoa Beans,Raw,Ashanti,20,42.03,106.30
686,24/01/2025,Milk,Dairy,Ashanti,19,24.89,201.28
687,03/05/2025,Coffee,Beverage,Greater Accra,11,31.19,241.07
688,24/04/2025,Tea,Beverage,Eastern,9,38.51,134.55
689,01/03/2025,Cocoa Beans,Raw,Volta,16,26.14,162.62
690,29/05/2025,Milk,Dairy,Greater Accra,7,29.51,162.24
691,05/02/2025,Sugar,Raw,Eastern,9,42.18,164.22
692,12/02/2025,Cocoa Beans,Raw,Ashanti,8,31.31,48.36
693,05/01/2025,Milk,Dairy,Greater Accra,13,33.15,221.82
694,10/01/2025,Chocolate Bar,Finished,Ashanti,9,25.22,308.79
695,07/04/2025,Milk,Dairy,Greater Accra,8,34.22,193.50
696,04/05/2025,Milk,Dairy,Greater Accra,4,7.20,307.03
697,01/03/2025,Milk,Dairy,Ashanti,15,21.56,215.35
698,01/02/2025,Cocoa Beans,Raw,Western,13,11.67,69.18
699,17/03/2025,Cocoa Beans,Raw,Ashanti,10,47.73,12.67
700,13/02/2025,Coffee,Beverage,Ashanti,2,15.15,13.63
701,13/05/2025,Coffee,Beverage,Ashanti,17,9.03,62.22
702,17/04/2025,Cocoa Beans,Raw,Greater Accra,14,12.60,111.30
703,17/03/2025,Milk,Dairy,Volta,6,16.81,78.59
704,20/05/2025,Milk,Dairy,Ashanti,8,7.79,79.98
705,05/01/2025,Chocolate Bar,Finished,Western,20,26.23,196.50
706,07/04/2025,Tea,Beverage,Volta,6,49.54,102.67
707,16/03/2025,Milk,Dairy,Eastern,1,35.89,239.01
708,12/05/2025,Milk,Dairy,Western,18,17.04,246.37
709,19/03/2025,Coffee,Beverage,Eastern,16,11.68,84.83
710,20/02/2025,Chocolate Bar,Finished,Greater Accra,10,36.08,198.65
711,03/04/2025,Milk,Dairy,Ashanti,19,27.65,13.22
712,27/03/2025,Milk,Dairy,Ashanti,17,35.57,270.61
713,25/01/2025,Coffee,Beverage,Volta,1,15.70,315.66
714,09/02/2025,Coffee,Beverage,Ashanti,19,27.14,145.44
715,05/01/2025,Tea,Beverage,Greater Accra,15,8.84,172.50
716,06/05/2025,Milk,Dairy,Greater Accra,8,25.33,213.81
717,19/05/2025,Cocoa Beans,Raw,Volta,17,49.16,49.80
718,04/02/2025,Chocolate Bar,Finished,Ashanti,13,30.98,327.58
719,26/05/2025,Milk,Dairy,Volta,20,5.23,46.30
720,04/03/2025,Coffee,Beverage,Eastern,10,7.44,194.39
721,24/03/2025,Milk,Dairy,Volta,5,15.65,262.48
722,18/01/2025,Milk,Dairy,Greater Accra,17,49.06,156.59
723,03/03/2025,Cocoa Beans,Raw,Ashanti,12,27.57,172.95
724,13/03/2025,Sugar,Raw,Volta,4,23.42,222.87
725,17/01/2025,Coffee,Beverage,Eastern,7,12.71,163.39
726,14/01/2025,Tea,Beverage,Ashanti,2,30.76,272.16
727,06/02/2025,Tea,Beverage,Greater Accra,6,9.86,96.64
728,09/05/2025,Tea,Beverage,Western,11,21.68,142.49
729,20/01/2025,Chocolate Bar,Finished,Greater Accra,3,12.96,272.27
730,18/02/2025,Coffee,Beverage,Western,5,6.65,346.10
731,19/04/2025,Cocoa Beans,Raw,Greater Accra,20,39.10,265.41
732,01/04/2025,Milk,Dairy,Greater Accra,14,8.79,252.40
733,28/05/2025,Milk,Dairy,Volta,15,6.66,121.93
734,05/04/2025,Coffee,Beverage,Volta,18,25.37,128.89
735,03/02/2025,Sugar,Raw,Ashanti,3,17.40,265.14
736,08/02/2025,Cocoa Beans,Raw,Greater Accra,12,43.59,99.45
737,08/02/2025,Milk,Dairy,Ashanti,20,27.21,193.44
738,23/03/2025,Sugar,Raw,Eastern,20,29.34,167.18
739,25/04/2025,Coffee,Beverage,Eastern,3,16.12,301.99
740,27/02/2025,Tea,Beverage,Ashanti,11,21.16,317.28
741,17/01/2025,Cocoa Beans,Raw,Eastern,17,41.18,188.03
742,24/05/2025,Coffee,Beverage,Western,7,29.48,44.78
743,27/02/2025,Chocolate Bar,Finished,Western,9,5.36,197.24
744,09/05/2025,Milk,Dairy,Eastern,18,11.83,119.97
745,17/05/2025,Cocoa Beans,Raw,Volta,1,31.60,252.26
746,23/03/2025,Milk,Dairy,Eastern,11,12.91,139.92
747,26/03/2025,Cocoa Beans,Raw,Eastern,10,36.02,117.59
748,19/01/2025,Chocolate Bar,Finished,Greater Accra,19,22.81,10.22
749,28/05/2025,Milk,Dairy,Greater Accra,20,44.92,33.52
750,01/04/2025,Tea,Beverage,Eastern,10,42.34,337.66
751,13/01/2025,Chocolate Bar,Finished,Greater Accra,13,42.28,123.62
752,16/03/2025,Chocolate Bar,Finished,Volta,5,44.28,42.66
753,27/05/2025,Tea,Beverage,Eastern,19,11.62,114.18
754,24/01/2025,Milk,Dairy,Eastern,6,5.64,253.31
755,26/01/2025,Coffee,Beverage,Volta,13,44.10,69.12
756,11/02/2025,Milk,Dairy,Ashanti,10,42.11,193.90
757,21/05/2025,Tea,Beverage,Eastern,19,40.50,209.39
758,09/03/2025,Sugar,Raw,Western,15,39.49,317.03
759,05/05/2025,Tea,Beverage,Western,11,6.03,95.64
760,18/03/2025,Tea,Beverage,Eastern,17,23.72,160.93
761,09/01/2025,Tea,Beverage,Ashanti,19,32.93,70.98
762,21/02/2025,Cocoa Beans,Raw,Western,3,15.07,27.34
763,11/05/2025,Coffee,Beverage,Greater Accra,8,18.41,183.86
764,18/05/2025,Milk,Dairy,Greater Accra,4,12.13,49.69
765,12/05/2025,Milk,Dairy,Greater Accra,6,40.38,299.51
766,29/04/2025,Tea,Beverage,Volta,8,38.07,322.39
767,14/03/2025,Chocolate Bar,Finished,Eastern,16,34.74,298.94
768,05/01/2025,Sugar,Raw,Greater Accra,11,13.25,153.09
769,23/01/2025,Coffee,Beverage,Ashanti,7,45.10,200.57
770,22/04/2025,Milk,Dairy,Greater Accra,10,47.66,187.16
771,18/04/2025,Coffee,Beverage,Western,15,40.55,11.44
772,08/03/2025,Cocoa Beans,Raw,Western,14,24.05,17.06
773,28/02/2025,Cocoa Beans,Raw,Western,12,42.23,175.45
774,17/03/2025,Sugar,Raw,Greater Accra,4,23.99,23.80
775,18/03/2025,Coffee,Beverage,Eastern,14,30.10,120.94
776,05/01/2025,Coffee,Beverage,Ashanti,8,13.77,286.69
777,09/03/2025,Chocolate Bar,Finished,Greater Accra,1,47.01,345.38
778,09/05/2025,Chocolate Bar,Finished,Volta,8,25.70,79.94
779,11/05/2025,Tea,Beverage,Ashanti,17,8.98,141.17
780,23/01/2025,Sugar,Raw,Eastern,2,44.12,88.41
781,28/03/2025,Coffee,Beverage,Eastern,7,35.76,294.67
782,17/04/2025,Milk,Dairy,Western,15,6.94,142.75
783,10/03/2025,Chocolate Bar,Finished,Western,14,8.32,138.24
784,11/03/2025,Cocoa Beans,Raw,Greater Accra,8,18.13,136.04
785,09/03/2025,Coffee,Beverage,Volta,2,9.59,90.66
786,12/04/2025,Cocoa Beans,Raw,Greater Accra,13,37.22,204.58
787,16/02/2025,Sugar,Raw,Western,10,8.96,252.31
788,18/05/2025,Milk,Dairy,Eastern,6,48.57,307.38
789,26/05/2025,Sugar,Raw,Ashanti,9,16.97,321.80
790,29/05/2025,Sugar,Raw,Western,3,44.92,291.02
791,29/01/2025,Cocoa Beans,Raw,Western,15,12.27,175.25
792,14/02/2025,Tea,Beverage,Western,9,37.31,101.46
793,01/04/2025,Tea,Beverage,Greater Accra,19,10.76,108.71
794,14/04/2025,Coffee,Beverage,Ashanti,20,36.11,138.43
795,26/01/2025,Coffee,Beverage,Eastern,7,19.73,304.48
796,25/05/2025,Tea,Beverage,Ashanti,19,8.66,323.43
797,11/05/2025,Tea,Beverage,Eastern,10,10.84,180.09
798,10/05/2025,Chocolate Bar,Finished,Western,8,9.30,271.07
799,03/03/2025,Sugar,Raw,Ashanti,19,6.04,16.90
800,28/03/2025,Milk,Dairy,Greater Accra,11,14.96,324.10
801,15/02/2025,Coffee,Beverage,Volta,4,35.29,119.00
802,05/03/2025,Cocoa Beans,Raw,Eastern,8,22.76,140.45
803,25/02/2025,Sugar,Raw,Western,14,49.99,278.67
804,05/05/2025,Sugar,Raw,Ashanti,2,42.32,300.18
805,09/02/2025,Milk,Dairy,Greater Accra,20,27.81,259.12
806,13/03/2025,Chocolate Bar,Finished,Eastern,5,7.66,172.68
807,22/02/2025,Chocolate Bar,Finished,Greater Accra,14,16.66,7.13
808,27/01/2025,Coffee,Beverage,Greater Accra,17,13.97,103.72
809,19/01/2025,Tea,Beverage,Eastern,3,9.51,100.78
810,25/02/2025,Sugar,Raw,Greater Accra,11,24.14,82.84
811,27/01/2025,Tea,Beverage,Greater Accra,5,47.79,73.70
812,17/03/2025,Cocoa Beans,Raw,Greater Accra,14,42.14,234.36
813,25/03/2025,Chocolate Bar,Finished,Eastern,3,46.37,348.89
814,01/05/2025,Milk,Dairy,Eastern,5,6.12,275.85
815,06/05/2025,Chocolate Bar,Finished,Ashanti,9,5.31,134.70
816,12/03/2025,Cocoa Beans,Raw,Ashanti,4,48.62,62.53
817,16/02/2025,Tea,Beverage,Eastern,20,37.78,151.69
818,14/01/2025,Chocolate Bar,Finished,Volta,17,19.45,272.99
819,17/03/2025,Coffee,Beverage,Volta,11,34.46,322.51
820,15/04/2025,Tea,Beverage,Western,18,33.35,202.78
821,08/04/2025,Cocoa Beans,Raw,Volta,16,32.18,146.70
822,30/05/2025,Chocolate Bar,Finished,Ashanti,17,44.35,158.77
823,11/03/2025,Cocoa Beans,Raw,Ashanti,14,44.50,57.57
824,09/01/2025,Sugar,Raw,Ashanti,6,47.76,326.59
825,12/04/2025,Milk,Dairy,Western,19,41.77,314.66
826,05/05/2025,Chocolate Bar,Finished,Volta,3,37.63,170.30
827,26/02/2025,Milk,Dairy,Greater Accra,1,26.17,266.86
828,22/01/2025,Sugar,Raw,Ashanti,1,8.28,78.75
829,13/04/2025,Chocolate Bar,Finished,Volta,3,42.62,195.29
830,17/04/2025,Cocoa Beans,Raw,Volta,7,20.51,198.74
831,21/04/2025,Coffee,Beverage,Eastern,6,15.26,147.87
832,12/02/2025,Chocolate Bar,Finished,Western,5,36.45,103.65
833,12/04/2025,Cocoa Beans,Raw,Eastern,11,26.54,225.99
834,22/03/2025,Tea,Beverage,Eastern,5,25.19,39.84
835,15/01/2025,Sugar,Raw,Eastern,1,40.97,83.74
836,07/02/2025,Tea,Beverage,Volta,14,11.29,52.52
837,24/04/2025,Sugar,Raw,Volta,20,23.10,8.25
838,10/05/2025,Cocoa Beans,Raw,Greater Accra,10,33.97,317.43
839,23/04/2025,Coffee,Beverage,Ashanti,2,34.41,148.03
840,15/04/2025,Tea,Beverage,Ashanti,13,46.89,148.39
841,22/03/2025,Coffee,Beverage,Greater Accra,10,36.95,134.47
842,03/01/2025,Cocoa Beans,Raw,Greater Accra,9,13.69,105.24
843,08/01/2025,Cocoa Beans,Raw,Volta,5,22.79,64.56
844,05/04/2025,Cocoa Beans,Raw,Ashanti,11,11.03,93.63
845,08/05/2025,Coffee,Beverage,Greater Accra,9,18.81,213.28
846,31/01/2025,Milk,Dairy,Greater Accra,7,15.89,258.04
847,07/03/2025,Milk,Dairy,Volta,15,27.87,34.70
848,28/01/2025,Cocoa Beans,Raw,Greater Accra,13,33.33,328.23
849,16/03/2025,Coffee,Beverage,Ashanti,4,15.37,257.18
850,27/05/2025,Milk,Dairy,Eastern,18,15.63,179.99
851,21/05/2025,Sugar,Raw,Eastern,16,42.58,90.94
852,01/04/2025,Sugar,Raw,Volta,1,46.89,300.05
853,12/01/2025,Milk,Dairy,Greater Accra,6,22.17,214.90
854,22/03/2025,Chocolate Bar,Finished,Greater Accra,1,45.43,69.32
855,21/01/2025,Coffee,Beverage,Volta,12,20.46,144.75
856,08/01/2025,Cocoa Beans,Raw,Eastern,15,45.21,49.49
857,07/04/2025,Coffee,Beverage,Eastern,6,44.31,197.09
858,20/05/2025,Chocolate Bar,Finished,Ashanti,16,48.82,345.30
859,25/01/2025,Tea,Beverage,Eastern,12,31.79,287.70
860,18/03/2025,Sugar,Raw,Western,10,46.46,323.96
861,13/04/2025,Milk,Dairy,Volta,13,31.32,157.03
862,16/05/2025,Sugar,Raw,Greater Accra,1,22.66,65.23
863,11/05/2025,Sugar,Raw,Ashanti,1,46.60,162.42
864,03/02/2025,Chocolate Bar,Finished,Greater Accra,12,24.17,203.18
865,21/03/2025,Tea,Beverage,Volta,10,42.11,111.77
866,02/04/2025,Cocoa Beans,Raw,Western,5,46.49,168.94
867,27/02/2025,Sugar,Raw,Volta,1,9.81,314.30
868,06/03/2025,Tea,Beverage,Greater Accra,17,46.49,33.72
869,15/03/2025,Cocoa Beans,Raw,Ashanti,17,13.42,70.70
870,27/05/2025,Sugar,Raw,Eastern,16,29.57,238.86
871,04/01/2025,Sugar,Raw,Greater Accra,17,26.46,60.10
872,09/03/2025,Sugar,Raw,Volta,3,42.89,136.59
873,17/05/2025,Milk,Dairy,Eastern,16,32.08,46.40
874,15/05/2025,Chocolate Bar,Finished,Volta,10,17.80,298.03
875,17/03/2025,Cocoa Beans,Raw,Eastern,18,19.21,75.96
876,08/01/2025,Milk,Dairy,Ashanti,19,14.89,202.36
877,18/01/2025,Chocolate Bar,Finished,Volta,11,26.98,91.54
878,03/02/2025,Cocoa Beans,Raw,Western,19,7.01,156.85
879,17/03/2025,Coffee,Beverage,Volta,3,37.21,87.12
880,17/02/2025,Chocolate Bar,Finished,Ashanti,15,49.87,345.47
881,10/02/2025,Coffee,Beverage,Volta,19,22.63,127.27
882,02/01/2025,Tea,Beverage,Western,9,42.60,169.59
883,08/05/2025,Chocolate Bar,Finished,Greater Accra,5,7.53,219.80
884,09/03/2025,Tea,Beverage,Volta,15,15.76,269.29
885,21/02/2025,Milk,Dairy,Western,6,16.90,121.41
886,04/03/2025,Chocolate Bar,Finished,Western,5,38.70,77.07
887,20/05/2025,Chocolate Bar,Finished,Eastern,10,31.53,206.39
888,06/05/2025,Sugar,Raw,Greater Accra,5,19.32,346.85
889,10/04/2025,Sugar,Raw,Ashanti,16,23.62,296.81
890,21/05/2025,Tea,Beverage,Volta,6,27.05,317.16
891,03/05/2025,Cocoa Beans,Raw,Eastern,17,35.11,79.01
892,24/05/2025,Cocoa Beans,Raw,Western,4,24.85,163.24
893,19/01/2025,Coffee,Beverage,Eastern,5,30.65,89.25
894,07/01/2025,Coffee,Beverage,Western,17,24.53,102.51
895,14/02/2025,Coffee,Beverage,Greater Accra,18,34.44,162.37
896,08/05/2025,Coffee,Beverage,Ashanti,6,31.16,193.47
897,16/03/2025,Sugar,Raw,Ashanti,7,30.78,318.50
898,16/05/2025,Cocoa Beans,Raw,Greater Accra,3,17.91,231.05
899,30/01/2025,Cocoa Beans,Raw,Volta,16,16.77,90.88
900,20/02/2025,Chocolate Bar,Finished,Ashanti,15,47.74,146.92
901,20/01/2025,Sugar,Raw,Western,7,41.04,133.19
902,29/05/2025,Sugar,Raw,Volta,9,22.56,307.33
903,11/05/2025,Coffee,Beverage,Greater Accra,10,12.16,258.91
904,10/05/2025,Chocolate Bar,Finished,Ashanti,7,41.08,15.09
905,25/02/2025,Sugar,Raw,Western,8,39.36,152.25
906,22/02/2025,Milk,Dairy,Eastern,6,48.54,141.72
907,27/04/2025,Milk,Dairy,Western,7,40.72,148.23
908,04/03/2025,Sugar,Raw,Eastern,3,35.52,257.55
909,14/01/2025,Cocoa Beans,Raw,Volta,18,49.22,66.04
910,11/02/2025,Cocoa Beans,Raw,Greater Accra,17,34.84,102.46
911,02/03/2025,Sugar,Raw,Eastern,19,30.75,290.69
912,31/03/2025,Milk,Dairy,Volta,17,5.53,225.66
913,06/05/2025,Tea,Beverage,Western,7,36.35,193.34
914,12/02/2025,Milk,Dairy,Greater Accra,5,32.91,63.22
915,30/01/2025,Sugar,Raw,Western,10,33.64,97.14
916,22/03/2025,Milk,Dairy,Ashanti,19,18.55,275.97
917,08/05/2025,Cocoa Beans,Raw,Eastern,15,39.09,149.43
918,17/03/2025,Milk,Dairy,Ashanti,18,49.68,175.74
919,29/01/2025,Tea,Beverage,Greater Accra,11,26.70,99.73
920,16/01/2025,Sugar,Raw,Greater Accra,3,31.16,193.51
921,04/04/2025,Milk,Dairy,Volta,15,20.38,290.46
922,11/03/2025,Sugar,Raw,Volta,2,31.00,237.39
923,25/01/2025,Coffee,Beverage,Ashanti,3,45.74,38.45
924,01/04/2025,Cocoa Beans,Raw,Ashanti,17,16.80,238.44
925,04/04/2025,Sugar,Raw,Volta,9,29.72,105.57
926,30/03/2025,Chocolate Bar,Finished,Greater Accra,5,39.50,278.06
927,11/01/2025,Sugar,Raw,Eastern,12,32.14,29.84
928,16/03/2025,Cocoa Beans,Raw,Western,18,37.33,148.72
929,01/04/2025,Cocoa Beans,Raw,Greater Accra,14,24.09,170.87
930,16/03/2025,Cocoa Beans,Raw,Eastern,8,8.83,32.51
931,19/04/2025,Chocolate Bar,Finished,Western,6,23.37,294.02
932,04/02/2025,Sugar,Raw,Greater Accra,1,41.21,275.48
933,26/01/2025,Coffee,Beverage,Greater Accra,15,16.40,339.95
934,28/05/2025,Tea,Beverage,Ashanti,3,18.44,35.71
935,25/04/2025,Tea,Beverage,Volta,10,39.79,257.52
936,11/04/2025,Sugar,Raw,Volta,2,37.83,308.92
937,06/01/2025,Chocolate Bar,Finished,Western,12,7.19,299.88
938,01/02/2025,Cocoa Beans,Raw,Eastern,8,16.93,107.50
939,18/01/2025,Coffee,Beverage,Eastern,1,5.00,53.71
940,05/04/2025,Chocolate Bar,Finished,Western,14,32.90,14.30
941,13/02/2025,Chocolate Bar,Finished,Greater Accra,15,30.16,83.78
942,01/05/2025,Coffee,Beverage,Ashanti,2,38.63,288.24
943,13/05/2025,Tea,Beverage,Ashanti,8,33.07,310.53
944,13/01/2025,Cocoa Beans,Raw,Eastern,8,21.38,136.81
945,07/03/2025,Cocoa Beans,Raw,Western,17,40.11,119.33
946,10/03/2025,Chocolate Bar,Finished,Eastern,6,18.81,196.71
947,18/03/2025,Cocoa Beans,Raw,Greater Accra,8,47.44,203.55
948,23/05/2025,Coffee,Beverage,Volta,16,46.39,247.11
949,07/05/2025,Chocolate Bar,Finished,Volta,9,31.95,116.63
950,03/02/2025,Milk,Dairy,Ashanti,3,35.87,248.35
951,05/01/2025,Chocolate Bar,Finished,Volta,14,40.62,91.83
952,06/03/2025,Tea,Beverage,Greater Accra,9,6.09,308.61
953,17/05/2025,Sugar,Raw,Greater Accra,9,34.59,57.36
954,07/04/2025,Sugar,Raw,Greater Accra,17,31.18,171.35
955,27/03/2025,Milk,Dairy,Ashanti,20,8.56,334.74
956,17/01/2025,Milk,Dairy,Eastern,20,47.13,85.89
957,04/03/2025,Chocolate Bar,Finished,Western,13,39.54,15.40
958,22/01/2025,Coffee,Beverage,Western,2,33.97,194.45
959,05/05/2025,Chocolate Bar,Finished,Eastern,14,9.11,283.23
960,21/04/2025,Milk,Dairy,Ashanti,15,15.51,296.38
961,29/03/2025,Chocolate Bar,Finished,Greater Accra,6,10.96,65.10
962,09/05/2025,Tea,Beverage,Western,5,32.86,29.62
963,18/01/2025,Cocoa Beans,Raw,Volta,12,42.38,61.15
964,21/04/2025,Chocolate Bar,Finished,Volta,9,15.77,114.29
965,06/03/2025,Tea,Beverage,Eastern,1,26.33,241.07
966,16/02/2025,Milk,Dairy,Western,13,27.69,266.14
967,12/02/2025,Coffee,Beverage,Ashanti,2,14.69,193.22
968,02/04/2025,Coffee,Beverage,Ashanti,13,21.62,295.99
969,01/04/2025,Milk,Dairy,Volta,9,39.33,163.10
970,26/01/2025,Milk,Dairy,Volta,2,18.23,102.26
971,10/01/2025,Chocolate Bar,Finished,Ashanti,12,48.07,241.90
972,07/05/2025,Cocoa Beans,Raw,Volta,6,20.19,51.09
973,19/05/2025,Chocolate Bar,Finished,Western,19,46.62,148.01
974,09/01/2025,Coffee,Beverage,Ashanti,13,9.02,326.31
975,25/04/2025,Sugar,Raw,Greater Accra,3,8.31,97.11
976,08/03/2025,Chocolate Bar,Finished,Volta,12,41.62,230.62
977,21/01/2025,Cocoa Beans,Raw,Volta,9,16.85,327.69
978,28/02/2025,Sugar,Raw,Western,17,17.60,38.72
979,20/05/2025,Tea,Beverage,Ashanti,13,27.39,292.45
980,19/04/2025,Coffee,Beverage,Greater Accra,11,15.45,325.92
981,24/01/2025,Tea,Beverage,Volta,17,40.04,144.93
982,17/05/2025,Coffee,Beverage,Volta,17,40.96,256.53
983,10/03/2025,Chocolate Bar,Finished,Western,14,49.55,33.29
984,24/03/2025,Cocoa Beans,Raw,Volta,14,22.71,5.19
985,30/01/2025,Tea,Beverage,Western,13,37.09,137.85
986,23/04/2025,Coffee,Beverage,Ashanti,16,28.26,175.12
987,26/03/2025,Cocoa Beans,Raw,Greater Accra,12,7.22,37.63
988,25/03/2025,Coffee,Beverage,Greater Accra,16,38.61,185.55
989,08/05/2025,Chocolate Bar,Finished,Western,12,38.68,213.59
990,27/02/2025,Cocoa Beans,Raw,Eastern,1,39.63,338.60
991,03/03/2025,Chocolate Bar,Finished,Ashanti,10,24.87,154.96
992,17/04/2025,Milk,Dairy,Ashanti,9,45.91,137.18
993,21/05/2025,Milk,Dairy,Volta,15,43.62,220.47
994,22/04/2025,Chocolate Bar,Finished,Greater Accra,6,34.32,212.40
995,10/02/2025,Coffee,Beverage,Ashanti,4,46.70,336.32
996,24/04/2025,Cocoa Beans,Raw,Ashanti,17,16.84,157.27
997,24/01/2025,Milk,Dairy,Ashanti,9,38.49,102.70
998,03/05/2025,Coffee,Beverage,Greater Accra,14,28.46,316.50
999,24/04/2025,Tea,Beverage,Eastern,18,30.10,269.36
1000,01/03/2025,Cocoa Beans,Raw,Volta,19,28.77,126.50
1001,29/05/2025,Milk,Dairy,Greater Accra,14,24.02,172.52
1002,05/02/2025,Sugar,Raw,Eastern,1,46.86,103.83
1003,12/02/2025,Cocoa Beans,Raw,Ashanti,6,39.96,185.47
1004,05/01/2025,Milk,Dairy,Greater Accra,15,32.11,98.83
1005,10/01/2025,Chocolate Bar,Finished,Ashanti,11,20.67,315.31
1006,07/04/2025,Milk,Dairy,Greater Accra,14,38.81,197.44
1007,04/05/2025,Milk,Dairy,Greater Accra,9,46.75,293.94
1008,01/03/2025,Milk,Dairy,Ashanti,8,25.45,36.10
1009,01/02/2025,Cocoa Beans,Raw,Western,1,40.02,258.84
1010,17/03/2025,Cocoa Beans,Raw,Ashanti,9,24.91,122.18
1011,13/02/2025,Coffee,Beverage,Ashanti,11,7.23,102.12
1012,13/05/2025,Coffee,Beverage,Ashanti,1,16.15,118.55
1013,17/04/2025,Cocoa Beans,Raw,Greater Accra,5,43.92,176.33
1014,17/03/2025,Milk,Dairy,Volta,3,28.03,49.55
1015,20/05/2025,Milk,Dairy,Ashanti,17,14.87,6.06
1016,05/01/2025,Chocolate Bar,Finished,Western,15,32.81,196.74
1017,07/04/2025,Tea,Beverage,Volta,7,8.10,209.66
1018,16/03/2025,Milk,Dairy,Eastern,3,21.93,166.71
1019,12/05/2025,Milk,Dairy,Western,8,23.11,120.30
1020,19/03/2025,Coffee,Beverage,Eastern,12,12.60,148.52
1021,20/02/2025,Chocolate Bar,Finished,Greater Accra,10,14.75,211.37
1022,03/04/2025,Milk,Dairy,Ashanti,16,25.38,31.59
1023,27/03/2025,Milk,Dairy,Ashanti,3,36.76,168.10
1024,25/01/2025,Coffee,Beverage,Volta,13,37.33,201.48
1025,09/02/2025,Coffee,Beverage,Ashanti,8,11.64,307.52
1026,05/01/2025,Tea,Beverage,Greater Accra,7,47.49,46.74
1027,06/05/2025,Milk,Dairy,Greater Accra,9,9.31,115.89
1028,19/05/2025,Cocoa Beans,Raw,Volta,2,10.24,44.64
1029,04/02/2025,Chocolate Bar,Finished,Ashanti,18,18.57,48.59
1030,26/05/2025,Milk,Dairy,Volta,14,49.98,113.58
1031,04/03/2025,Coffee,Beverage,Eastern,3,48.76,180.38
1032,24/03/2025,Milk,Dairy,Volta,3,42.65,240.43
1033,18/01/2025,Milk,Dairy,Greater Accra,11,43.59,324.44
1034,03/03/2025,Cocoa Beans,Raw,Ashanti,18,25.62,52.62
1035,13/03/2025,Sugar,Raw,Volta,20,10.71,20.26
1036,17/01/2025,Coffee,Beverage,Eastern,13,47.60,228.24
1037,14/01/2025,Tea,Beverage,Ashanti,15,45.41,187.52
1038,06/02/2025,Tea,Beverage,Greater Accra,9,35.43,101.87
1039,09/05/2025,Tea,Beverage,Western,6,27.61,267.18
1040,20/01/2025,Chocolate Bar,Finished,Greater Accra,6,17.66,149.98
1041,18/02/2025,Coffee,Beverage,Western,19,38.86,167.73
1042,19/04/2025,Cocoa Beans,Raw,Greater Accra,5,49.35,195.75
1043,01/04/2025,Milk,Dairy,Greater Accra,2,25.99,234.16
1044,28/05/2025,Milk,Dairy,Volta,8,45.54,246.13
1045,05/04/2025,Coffee,Beverage,Volta,6,32.14,142.15
1046,03/02/2025,Sugar,Raw,Ashanti,4,5.03,30.68
1047,08/02/2025,Cocoa Beans,Raw,Greater Accra,1,15.71,103.44
1048,08/02/2025,Milk,Dairy,Ashanti,5,11.06,337.38
1049,23/03/2025,Sugar,Raw,Eastern,5,25.61,204.24
1050,25/04/2025,Coffee,Beverage,Eastern,2,36.42,144.81
1051,27/02/2025,Tea,Beverage,Ashanti,6,45.72,282.19
1052,17/01/2025,Cocoa Beans,Raw,Eastern,4,26.06,50.08
1053,24/05/2025,Coffee,Beverage,Western,20,27.74,198.02
1054,27/02/2025,Chocolate Bar,Finished,Western,6,46.21,256.43
1055,09/05/2025,Milk,Dairy,Eastern,12,22.35,160.42
1056,17/05/2025,Cocoa Beans,Raw,Volta,8,37.54,307.06
1057,23/03/2025,Milk,Dairy,Eastern,13,27.72,292.11
1058,26/03/2025,Cocoa Beans,Raw,Eastern,3,14.45,233.04
1059,19/01/2025,Chocolate Bar,Finished,Greater Accra,12,9.50,274.41
1060,28/05/2025,Milk,Dairy,Greater Accra,1,40.29,107.53
1061,01/04/2025,Tea,Beverage,Eastern,16,42.20,37.70
1062,13/01/2025,Chocolate Bar,Finished,Greater Accra,3,39.31,131.70
1063,16/03/2025,Chocolate Bar,Finished,Volta,7,31.85,203.64
1064,27/05/2025,Tea,Beverage,Eastern,18,14.38,238.01
1065,24/01/2025,Milk,Dairy,Eastern,13,13.63,261.83
1066,26/01/2025,Coffee,Beverage,Volta,14,46.86,324.00
1067,11/02/2025,Milk,Dairy,Ashanti,5,48.74,98.26
1068,21/05/2025,Tea,Beverage,Eastern,8,27.70,54.34
1069,09/03/2025,Sugar,Raw,Western,17,32.00,259.08
1070,05/05/2025,Tea,Beverage,Western,18,46.10,52.80
1071,18/03/2025,Tea,Beverage,Eastern,13,27.95,291.40
1072,09/01/2025,Tea,Beverage,Ashanti,16,14.50,250.86
1073,21/02/2025,Cocoa Beans,Raw,Western,3,43.66,296.06
1074,11/05/2025,Coffee,Beverage,Greater Accra,11,16.09,272.48
1075,18/05/2025,Milk,Dairy,Greater Accra,6,11.62,214.85
1076,12/05/2025,Milk,Dairy,Greater Accra,16,6.99,197.20
1077,29/04/2025,Tea,Beverage,Volta,1,30.68,11.82
1078,14/03/2025,Chocolate Bar,Finished,Eastern,4,41.19,70.98
1079,05/01/2025,Sugar,Raw,Greater Accra,9,19.15,103.68
1080,23/01/2025,Coffee,Beverage,Ashanti,9,20.92,112.56
1081,22/04/2025,Milk,Dairy,Greater Accra,4,16.37,201.44
1082,18/04/2025,Coffee,Beverage,Western,9,49.26,209.20
1083,08/03/2025,Cocoa Beans,Raw,Western,14,7.25,299.99
1084,28/02/2025,Cocoa Beans,Raw,Western,19,5.97,100.69
1085,17/03/2025,Sugar,Raw,Greater Accra,20,26.15,89.09
1086,18/03/2025,Coffee,Beverage,Eastern,14,38.27,346.11
1087,05/01/2025,Coffee,Beverage,Ashanti,13,24.28,90.52
1088,09/03/2025,Chocolate Bar,Finished,Greater Accra,12,10.59,263.49
1089,09/05/2025,Chocolate Bar,Finished,Volta,10,13.57,134.44
1090,11/05/2025,Tea,Beverage,Ashanti,15,48.42,262.75
1091,23/01/2025,Sugar,Raw,Eastern,3,42.78,264.14
1092,28/03/2025,Coffee,Beverage,Eastern,16,28.75,82.30
1093,17/04/2025,Milk,Dairy,Western,2,39.26,92.03
1094,10/03/2025,Chocolate Bar,Finished,Western,11,24.31,326.48
1095,11/03/2025,Cocoa Beans,Raw,Greater Accra,14,43.48,317.32
1096,09/03/2025,Coffee,Beverage,Volta,12,41.90,260.30
1097,12/04/2025,Cocoa Beans,Raw,Greater Accra,17,9.00,61.41
1098,16/02/2025,Sugar,Raw,Western,11,48.86,296.61
1099,18/05/2025,Milk,Dairy,Eastern,19,24.86,159.36
1100,26/05/2025,Sugar,Raw,Ashanti,19,34.79,344.60
1101,29/05/2025,Sugar,Raw,Western,1,33.30,109.91
1102,29/01/2025,Cocoa Beans,Raw,Western,9,23.61,325.84
1103,14/02/2025,Tea,Beverage,Western,12,9.43,78.06
1104,01/04/2025,Tea,Beverage,Greater Accra,13,12.40,166.17
1105,14/04/2025,Coffee,Beverage,Ashanti,9,15.51,170.30
1106,26/01/2025,Coffee,Beverage,Eastern,1,25.00,176.74
1107,25/05/2025,Tea,Beverage,Ashanti,20,43.47,23.98
1108,11/05/2025,Tea,Beverage,Eastern,10,40.61,51.88
1109,10/05/2025,Chocolate Bar,Finished,Western,3,39.09,17.47
1110,03/03/2025,Sugar,Raw,Ashanti,6,47.74,48.52
1111,28/03/2025,Milk,Dairy,Greater Accra,1,20.78,326.76
1112,15/02/2025,Coffee,Beverage,Volta,2,27.18,176.34
1113,05/03/2025,Cocoa Beans,Raw,Eastern,18,14.23,237.78
1114,25/02/2025,Sugar,Raw,Western,12,46.38,302.72
1115,05/05/2025,Sugar,Raw,Ashanti,17,23.88,166.14
1116,09/02/2025,Milk,Dairy,Greater Accra,10,48.70,272.75
1117,13/03/2025,Chocolate Bar,Finished,Eastern,14,35.09,150.70
1118,22/02/2025,Chocolate Bar,Finished,Greater Accra,10,13.97,140.89
1119,27/01/2025,Coffee,Beverage,Greater Accra,18,43.85,123.77
1120,19/01/2025,Tea,Beverage,Eastern,14,35.51,198.85
1121,25/02/2025,Sugar,Raw,Greater Accra,13,18.95,254.43
1122,27/01/2025,Tea,Beverage,Greater Accra,9,19.24,105.75
1123,17/03/2025,Cocoa Beans,Raw,Greater Accra,9,7.58,193.55
1124,25/03/2025,Chocolate Bar,Finished,Eastern,16,9.23,21.01
1125,01/05/2025,Milk,Dairy,Eastern,9,30.34,28.48
1126,06/05/2025,Chocolate Bar,Finished,Ashanti,11,37.38,58.37
1127,12/03/2025,Cocoa Beans,Raw,Ashanti,14,25.98,267.00
1128,16/02/2025,Tea,Beverage,Eastern,7,25.78,145.27
1129,14/01/2025,Chocolate Bar,Finished,Volta,15,28.83,146.05
1130,17/03/2025,Coffee,Beverage,Volta,9,45.64,88.30
1131,15/04/2025,Tea,Beverage,Western,13,17.35,47.42
1132,08/04/2025,Cocoa Beans,Raw,Volta,12,43.91,232.19
1133,30/05/2025,Chocolate Bar,Finished,Ashanti,14,35.60,107.73
1134,11/03/2025,Cocoa Beans,Raw,Ashanti,8,31.08,230.56
1135,09/01/2025,Sugar,Raw,Ashanti,18,20.50,273.99
1136,12/04/2025,Milk,Dairy,Western,16,13.65,329.85
1137,05/05/2025,Chocolate Bar,Finished,Volta,20,25.73,88.73
1138,26/02/2025,Milk,Dairy,Greater Accra,7,36.37,328.85
1139,22/01/2025,Sugar,Raw,Ashanti,18,24.45,180.45
1140,13/04/2025,Chocolate Bar,Finished,Volta,10,37.60,164.80
1141,17/04/2025,Cocoa Beans,Raw,Volta,9,32.93,319.00
1142,21/04/2025,Coffee,Beverage,Eastern,1,41.57,306.61
1143,12/02/2025,Chocolate Bar,Finished,Western,13,39.53,266.50
1144,12/04/2025,Cocoa Beans,Raw,Eastern,9,46.05,337.03
1145,22/03/2025,Tea,Beverage,Eastern,18,14.38,61.15
1146,15/01/2025,Sugar,Raw,Eastern,14,38.50,212.19
1147,07/02/2025,Tea,Beverage,Volta,11,38.09,129.20
1148,24/04/2025,Sugar,Raw,Volta,12,21.56,172.76
1149,10/05/2025,Cocoa Beans,Raw,Greater Accra,12,43.84,233.58
1150,23/04/2025,Coffee,Beverage,Ashanti,13,25.95,171.02
1151,15/04/2025,Tea,Beverage,Ashanti,3,30.81,40.61
1152,22/03/2025,Coffee,Beverage,Greater Accra,4,7.84,292.49
1153,03/01/2025,Cocoa Beans,Raw,Greater Accra,14,23.30,108.73
1154,08/01/2025,Cocoa Beans,Raw,Volta,1,15.35,210.30
1155,05/04/2025,Cocoa Beans,Raw,Ashanti,5,19.35,310.64
1156,08/05/2025,Coffee,Beverage,Greater Accra,7,28.48,79.81
1157,31/01/2025,Milk,Dairy,Greater Accra,9,36.56,70.56
1158,07/03/2025,Milk,Dairy,Volta,20,12.07,149.20
1159,28/01/2025,Cocoa Beans,Raw,Greater Accra,7,45.17,339.14
1160,16/03/2025,Coffee,Beverage,Ashanti,17,40.58,220.92
1161,27/05/2025,Milk,Dairy,Eastern,20,30.72,152.43
1162,21/05/2025,Sugar,Raw,Eastern,12,40.12,24.66
1163,01/04/2025,Sugar,Raw,Volta,2,45.20,279.61
1164,12/01/2025,Milk,Dairy,Greater Accra,15,40.48,206.42
1165,22/03/2025,Chocolate Bar,Finished,Greater Accra,13,43.17,233.30
1166,21/01/2025,Coffee,Beverage,Volta,8,6.60,236.75
1167,08/01/2025,Cocoa Beans,Raw,Eastern,9,25.83,208.69
1168,07/04/2025,Coffee,Beverage,Eastern,15,6.76,5.59
1169,20/05/2025,Chocolate Bar,Finished,Ashanti,6,14.87,49.60
1170,25/01/2025,Tea,Beverage,Eastern,16,49.62,313.19
1171,18/03/2025,Sugar,Raw,Western,10,31.10,346.92
1172,13/04/2025,Milk,Dairy,Volta,15,25.14,210.55
1173,16/05/2025,Sugar,Raw,Greater Accra,12,24.41,135.16
1174,11/05/2025,Sugar,Raw,Ashanti,16,24.34,192.47
1175,03/02/2025,Chocolate Bar,Finished,Greater Accra,3,36.47,131.29
1176,21/03/2025,Tea,Beverage,Volta,17,46.76,7.61
1177,02/04/2025,Cocoa Beans,Raw,Western,7,31.65,8.33
1178,27/02/2025,Sugar,Raw,Volta,14,46.02,259.42
1179,06/03/2025,Tea,Beverage,Greater Accra,18,28.29,69.69
1180,15/03/2025,Cocoa Beans,Raw,Ashanti,2,39.58,180.99
1181,27/05/2025,Sugar,Raw,Eastern,16,25.32,16.66
1182,04/01/2025,Sugar,Raw,Greater Accra,15,34.63,237.85
1183,09/03/2025,Sugar,Raw,Volta,11,42.53,324.27
1184,17/05/2025,Milk,Dairy,Eastern,11,38.85,179.08
1185,15/05/2025,Chocolate Bar,Finished,Volta,10,14.72,44.63
1186,17/03/2025,Cocoa Beans,Raw,Eastern,7,12.87,304.65
1187,08/01/2025,Milk,Dairy,Ashanti,6,8.09,132.71
1188,18/01/2025,Chocolate Bar,Finished,Volta,17,16.66,322.32
1189,03/02/2025,Cocoa Beans,Raw,Western,12,30.07,98.83
1190,17/03/2025,Coffee,Beverage,Volta,1,26.80,99.94
1191,17/02/2025,Chocolate Bar,Finished,Ashanti,16,18.73,179.50
1192,10/02/2025,Coffee,Beverage,Volta,12,34.99,249.00
1193,02/01/2025,Tea,Beverage,Western,1,31.73,274.04
1194,08/05/2025,Chocolate Bar,Finished,Greater Accra,3,32.10,167.28
1195,09/03/2025,Tea,Beverage,Volta,8,28.29,286.95
1196,21/02/2025,Milk,Dairy,Western,16,25.22,42.95
1197,04/03/2025,Chocolate Bar,Finished,Western,20,7.50,339.51
1198,20/05/2025,Chocolate Bar,Finished,Eastern,20,46.02,312.53
1199,06/05/2025,Sugar,Raw,Greater Accra,4,44.04,164.60
1200,10/04/2025,Sugar,Raw,Ashanti,4,27.55,175.82
1201,21/05/2025,Tea,Beverage,Volta,1,48.09,280.11
1202,03/05/2025,Cocoa Beans,Raw,Eastern,17,19.35,257.12
1203,24/05/2025,Cocoa Beans,Raw,Western,9,39.41,213.63
1204,19/01/2025,Coffee,Beverage,Eastern,13,9.66,246.74
1205,07/01/2025,Coffee,Beverage,Western,17,16.60,79.15
1206,14/02/2025,Coffee,Beverage,Greater Accra,2,47.66,84.09
1207,08/05/2025,Coffee,Beverage,Ashanti,15,38.96,313.26
1208,16/03/2025,Sugar,Raw,Ashanti,1,38.79,267.34
1209,16/05/2025,Cocoa Beans,Raw,Greater Accra,19,28.54,309.62
1210,30/01/2025,Cocoa Beans,Raw,Volta,3,31.12,320.82
1211,20/02/2025,Chocolate Bar,Finished,Ashanti,8,44.09,83.14
1212,20/01/2025,Sugar,Raw,Western,18,42.76,314.43
1213,29/05/2025,Sugar,Raw,Volta,20,10.19,321.31
1214,11/05/2025,Coffee,Beverage,Greater Accra,10,29.56,144.29
1215,10/05/2025,Chocolate Bar,Finished,Ashanti,13,37.10,342.23
1216,25/02/2025,Sugar,Raw,Western,5,7.79,112.82
1217,22/02/2025,Milk,Dairy,Eastern,3,47.75,288.64
1218,27/04/2025,Milk,Dairy,Western,10,49.14,296.20
1219,04/03/2025,Sugar,Raw,Eastern,4,13.55,171.45
1220,14/01/2025,Cocoa Beans,Raw,Volta,1,43.75,115.55
1221,11/02/2025,Cocoa Beans,Raw,Greater Accra,4,6.44,230.06
1222,02/03/2025,Sugar,Raw,Eastern,9,49.90,330.47
1223,31/03/2025,Milk,Dairy,Volta,18,38.87,136.94
1224,06/05/2025,Tea,Beverage,Western,18,42.48,57.79
1225,12/02/2025,Milk,Dairy,Greater Accra,17,26.60,292.02
1226,30/01/2025,Sugar,Raw,Western,9,45.97,180.78
1227,22/03/2025,Milk,Dairy,Ashanti,8,28.45,258.87
1228,08/05/2025,Cocoa Beans,Raw,Eastern,15,15.70,61.06
1229,17/03/2025,Milk,Dairy,Ashanti,18,17.88,63.23
1230,29/01/2025,Tea,Beverage,Greater Accra,14,23.27,34.79
1231,16/01/2025,Sugar,Raw,Greater Accra,11,21.20,36.79
1232,04/04/2025,Milk,Dairy,Volta,19,19.94,162.20
1233,11/03/2025,Sugar,Raw,Volta,14,6.31,310.22
1234,25/01/2025,Coffee,Beverage,Ashanti,11,26.79,65.74
1235,01/04/2025,Cocoa Beans,Raw,Ashanti,7,19.41,262.20
1236,04/04/2025,Sugar,Raw,Volta,20,45.63,299.58
1237,30/03/2025,Chocolate Bar,Finished,Greater Accra,1,12.50,121.01
1238,11/01/2025,Sugar,Raw,Eastern,11,24.58,95.54
1239,16/03/2025,Cocoa Beans,Raw,Western,19,12.18,22.24
1240,01/04/2025,Cocoa Beans,Raw,Greater Accra,8,24.99,230.19
1241,16/03/2025,Cocoa Beans,Raw,Eastern,16,14.22,219.28
1242,19/04/2025,Chocolate Bar,Finished,Western,15,38.84,221.28
1243,04/02/2025,Sugar,Raw,Greater Accra,20,32.85,183.53
1244,26/01/2025,Coffee,Beverage,Greater Accra,10,5.51,48.91
1245,28/05/2025,Tea,Beverage,Ashanti,6,8.88,112.12
1246,25/04/2025,Tea,Beverage,Volta,19,22.31,71.04
1247,11/04/2025,Sugar,Raw,Volta,10,7.52,221.38
1248,06/01/2025,Chocolate Bar,Finished,Western,8,13.98,80.89
1249,01/02/2025,Cocoa Beans,Raw,Eastern,7,18.41,87.99
1250,18/01/2025,Coffee,Beverage,Eastern,7,13.50,89.74
1251,05/04/2025,Chocolate Bar,Finished,Western,3,38.70,109.36
1252,13/02/2025,Chocolate Bar,Finished,Greater Accra,6,21.97,164.77
1253,01/05/2025,Coffee,Beverage,Ashanti,11,12.43,173.55
1254,13/05/2025,Tea,Beverage,Ashanti,5,28.74,21.14
1255,13/01/2025,Cocoa Beans,Raw,Eastern,1,32.15,107.06
1256,07/03/2025,Cocoa Beans,Raw,Western,15,37.53,142.30
1257,10/03/2025,Chocolate Bar,Finished,Eastern,20,25.54,141.07
1258,18/03/2025,Cocoa Beans,Raw,Greater Accra,5,38.73,161.79
1259,23/05/2025,Coffee,Beverage,Volta,15,7.02,233.37
1260,07/05/2025,Chocolate Bar,Finished,Volta,8,26.31,83.96
1261,03/02/2025,Milk,Dairy,Ashanti,5,37.59,13.35
1262,05/01/2025,Chocolate Bar,Finished,Volta,1,24.79,57.34
1263,06/03/2025,Tea,Beverage,Greater Accra,19,25.56,55.53
1264,17/05/2025,Sugar,Raw,Greater Accra,6,28.47,105.77
1265,07/04/2025,Sugar,Raw,Greater Accra,17,36.75,130.58
1266,27/03/2025,Milk,Dairy,Ashanti,18,45.69,345.84
1267,17/01/2025,Milk,Dairy,Eastern,13,24.80,289.02
1268,04/03/2025,Chocolate Bar,Finished,Western,1,40.97,312.01
1269,22/01/2025,Coffee,Beverage,Western,16,46.05,218.80
1270,05/05/2025,Chocolate Bar,Finished,Eastern,7,12.77,299.37
1271,21/04/2025,Milk,Dairy,Ashanti,12,28.48,14.71
1272,29/03/2025,Chocolate Bar,Finished,Greater Accra,10,43.29,169.29
1273,09/05/2025,Tea,Beverage,Western,12,6.76,57.68
1274,18/01/2025,Cocoa Beans,Raw,Volta,13,26.78,333.97
1275,21/04/2025,Chocolate Bar,Finished,Volta,16,25.45,115.15
1276,06/03/2025,Tea,Beverage,Eastern,13,19.04,250.50
1277,16/02/2025,Milk,Dairy,Western,11,23.70,343.33
1278,12/02/2025,Coffee,Beverage,Ashanti,18,8.64,107.05
1279,02/04/2025,Coffee,Beverage,Ashanti,3,22.76,333.73
1280,01/04/2025,Milk,Dairy,Volta,1,36.98,29.29
1281,26/01/2025,Milk,Dairy,Volta,11,30.15,165.93
1282,10/01/2025,Chocolate Bar,Finished,Ashanti,5,35.80,155.94
1283,07/05/2025,Cocoa Beans,Raw,Volta,9,21.17,9.26
1284,19/05/2025,Chocolate Bar,Finished,Western,3,21.75,182.90
1285,09/01/2025,Coffee,Beverage,Ashanti,7,10.58,91.26
1286,25/04/2025,Sugar,Raw,Greater Accra,15,34.16,131.18
1287,08/03/2025,Chocolate Bar,Finished,Volta,2,42.22,268.73
1288,21/01/2025,Cocoa Beans,Raw,Volta,20,19.22,226.79
1289,28/02/2025,Sugar,Raw,Western,17,23.96,23.34
1290,20/05/2025,Tea,Beverage,Ashanti,18,31.85,112.63
1291,19/04/2025,Coffee,Beverage,Greater Accra,2,7.10,253.30
1292,24/01/2025,Tea,Beverage,Volta,20,45.68,302.21
1293,17/05/2025,Coffee,Beverage,Volta,14,43.36,205.46
1294,10/03/2025,Chocolate Bar,Finished,Western,13,45.80,84.14
1295,24/03/2025,Cocoa Beans,Raw,Volta,2,17.17,279.86
1296,30/01/2025,Tea,Beverage,Western,2,16.93,217.75
1297,23/04/2025,Coffee,Beverage,Ashanti,15,14.51,101.89
1298,26/03/2025,Cocoa Beans,Raw,Greater Accra,4,33.50,281.49
1299,25/03/2025,Coffee,Beverage,Greater Accra,17,14.28,277.69
1300,08/05/2025,Chocolate Bar,Finished,Western,14,49.02,95.42
1301,27/02/2025,Cocoa Beans,Raw,Eastern,15,30.64,63.85
1302,03/03/2025,Chocolate Bar,Finished,Ashanti,8,21.51,267.68
1303,17/04/2025,Milk,Dairy,Ashanti,6,5.95,152.01
1304,21/05/2025,Milk,Dairy,Volta,16,16.08,172.48
1305,22/04/2025,Chocolate Bar,Finished,Greater Accra,7,28.56,341.62
1306,10/02/2025,Coffee,Beverage,Ashanti,12,14.60,267.69
1307,24/04/2025,Cocoa Beans,Raw,Ashanti,2,14.45,311.28
1308,24/01/2025,Milk,Dairy,Ashanti,16,8.38,257.80
1309,03/05/2025,Coffee,Beverage,Greater Accra,5,43.69,296.53
1310,24/04/2025,Tea,Beverage,Eastern,11,12.13,139.55
1311,01/03/2025,Cocoa Beans,Raw,Volta,11,45.32,115.74
1312,29/05/2025,Milk,Dairy,Greater Accra,20,36.39,49.71
1313,05/02/2025,Sugar,Raw,Eastern,7,34.12,347.40
1314,12/02/2025,Cocoa Beans,Raw,Ashanti,18,30.00,118.59
1315,05/01/2025,Milk,Dairy,Greater Accra,6,5.67,180.91
1316,10/01/2025,Chocolate Bar,Finished,Ashanti,5,6.61,206.50
1317,07/04/2025,Milk,Dairy,Greater Accra,10,46.27,125.62
1318,04/05/2025,Milk,Dairy,Greater Accra,12,12.88,276.71
1319,01/03/2025,Milk,Dairy,Ashanti,13,31.51,76.12
1320,01/02/2025,Cocoa Beans,Raw,Western,19,15.88,167.04
1321,17/03/2025,Cocoa Beans,Raw,Ashanti,16,49.96,54.28
1322,13/02/2025,Coffee,Beverage,Ashanti,11,43.39,144.67
1323,13/05/2025,Coffee,Beverage,Ashanti,17,43.37,196.23
1324,17/04/2025,Cocoa Beans,Raw,Greater Accra,17,30.69,104.51
1325,17/03/2025,Milk,Dairy,Volta,1,25.27,254.85
1326,20/05/2025,Milk,Dairy,Ashanti,9,39.55,242.61
1327,05/01/2025,Chocolate Bar,Finished,Western,20,32.79,106.94
1328,07/04/2025,Tea,Beverage,Volta,5,38.89,90.61
1329,16/03/2025,Milk,Dairy,Eastern,12,21.50,146.93
1330,12/05/2025,Milk,Dairy,Western,9,38.64,138.30
1331,19/03/2025,Coffee,Beverage,Eastern,4,7.80,73.86
1332,20/02/2025,Chocolate Bar,Finished,Greater Accra,6,20.95,11.79
1333,03/04/2025,Milk,Dairy,Ashanti,14,17.46,259.56
1334,27/03/2025,Milk,Dairy,Ashanti,6,36.81,232.82
1335,25/01/2025,Coffee,Beverage,Volta,9,19.40,253.48
1336,09/02/2025,Coffee,Beverage,Ashanti,3,19.19,152.40
1337,05/01/2025,Tea,Beverage,Greater Accra,7,25.97,192.06
1338,06/05/2025,Milk,Dairy,Greater Accra,7,14.35,269.46
1339,19/05/2025,Cocoa Beans,Raw,Volta,18,25.56,120.71
1340,04/02/2025,Chocolate Bar,Finished,Ashanti,1,13.20,290.22
1341,26/05/2025,Milk,Dairy,Volta,7,7.38,142.03
1342,04/03/2025,Coffee,Beverage,Eastern,8,7.40,285.75
1343,24/03/2025,Milk,Dairy,Volta,18,39.03,136.35
1344,18/01/2025,Milk,Dairy,Greater Accra,8,20.54,56.63
1345,03/03/2025,Cocoa Beans,Raw,Ashanti,2,29.01,151.04
1346,13/03/2025,Sugar,Raw,Volta,16,28.96,120.97
1347,17/01/2025,Coffee,Beverage,Eastern,15,7.89,12.58
1348,14/01/2025,Tea,Beverage,Ashanti,5,8.68,297.16
1349,06/02/2025,Tea,Beverage,Greater Accra,7,26.88,276.07
1350,09/05/2025,Tea,Beverage,Western,5,8.83,112.48
1351,20/01/2025,Chocolate Bar,Finished,Greater Accra,14,13.66,21.63
1352,18/02/2025,Coffee,Beverage,Western,16,13.83,154.42
1353,19/04/2025,Cocoa Beans,Raw,Greater Accra,9,12.38,273.01
1354,01/04/2025,Milk,Dairy,Greater Accra,14,30.85,143.93
1355,28/05/2025,Milk,Dairy,Volta,9,24.25,312.58
1356,05/04/2025,Coffee,Beverage,Volta,13,27.75,214.86
1357,03/02/2025,Sugar,Raw,Ashanti,3,7.94,198.82
1358,08/02/2025,Cocoa Beans,Raw,Greater Accra,6,21.87,271.45
1359,08/02/2025,Milk,Dairy,Ashanti,2,48.91,138.92
1360,23/03/2025,Sugar,Raw,Eastern,1,31.05,37.01
1361,25/04/2025,Coffee,Beverage,Eastern,1,42.16,215.90
1362,27/02/2025,Tea,Beverage,Ashanti,11,30.84,22.92
1363,17/01/2025,Cocoa Beans,Raw,Eastern,9,25.57,52.60
1364,24/05/2025,Coffee,Beverage,Western,14,49.26,328.26
1365,27/02/2025,Chocolate Bar,Finished,Western,3,18.34,265.21
1366,09/05/2025,Milk,Dairy,Eastern,2,32.48,144.51
1367,17/05/2025,Cocoa Beans,Raw,Volta,8,38.16,155.50
1368,23/03/2025,Milk,Dairy,Eastern,6,11.02,211.63
1369,26/03/2025,Cocoa Beans,Raw,Eastern,11,35.31,145.59
1370,19/01/2025,Chocolate Bar,Finished,Greater Accra,2,49.61,118.06
1371,28/05/2025,Milk,Dairy,Greater Accra,13,29.67,282.24
1372,01/04/2025,Tea,Beverage,Eastern,16,33.37,132.95
1373,13/01/2025,Chocolate Bar,Finished,Greater Accra,7,33.96,282.78
1374,16/03/2025,Chocolate Bar,Finished,Volta,11,35.68,160.11
1375,27/05/2025,Tea,Beverage,Eastern,9,42.76,30.83
1376,24/01/2025,Milk,Dairy,Eastern,12,8.71,323.63
1377,26/01/2025,Coffee,Beverage,Volta,3,25.97,253.41
1378,11/02/2025,Milk,Dairy,Ashanti,7,27.01,283.60
1379,21/05/2025,Tea,Beverage,Eastern,20,34.75,101.03
1380,09/03/2025,Sugar,Raw,Western,10,30.44,172.72
1381,05/05/2025,Tea,Beverage,Western,1,42.36,46.50
1382,18/03/2025,Tea,Beverage,Eastern,8,41.27,254.27
1383,09/01/2025,Tea,Beverage,Ashanti,1,43.35,277.32
1384,21/02/2025,Cocoa Beans,Raw,Western,10,19.72,306.98
1385,11/05/2025,Coffee,Beverage,Greater Accra,6,16.51,240.01
1386,18/05/2025,Milk,Dairy,Greater Accra,12,37.66,295.85
1387,12/05/2025,Milk,Dairy,Greater Accra,8,27.58,319.96
1388,29/04/2025,Tea,Beverage,Volta,17,46.53,165.67
1389,14/03/2025,Chocolate Bar,Finished,Eastern,5,32.94,131.11
1390,05/01/2025,Sugar,Raw,Greater Accra,10,18.42,289.54
1391,23/01/2025,Coffee,Beverage,Ashanti,12,45.68,155.00
1392,22/04/2025,Milk,Dairy,Greater Accra,9,49.33,31.17
1393,18/04/2025,Coffee,Beverage,Western,2,40.35,272.61
1394,08/03/2025,Cocoa Beans,Raw,Western,4,18.12,9.74
1395,28/02/2025,Cocoa Beans,Raw,Western,2,8.83,251.78
1396,17/03/2025,Sugar,Raw,Greater Accra,16,23.46,260.76
1397,18/03/2025,Coffee,Beverage,Eastern,2,39.76,237.78
1398,05/01/2025,Coffee,Beverage,Ashanti,6,39.05,316.76
1399,09/03/2025,Chocolate Bar,Finished,Greater Accra,9,49.37,76.96
1400,09/05/2025,Chocolate Bar,Finished,Volta,16,18.48,346.09
1401,11/05/2025,Tea,Beverage,Ashanti,17,16.46,251.10
1402,23/01/2025,Sugar,Raw,Eastern,10,16.15,327.43
1403,28/03/2025,Coffee,Beverage,Eastern,1,49.51,261.91
1404,17/04/2025,Milk,Dairy,Western,12,5.92,319.42
1405,10/03/2025,Chocolate Bar,Finished,Western,8,39.54,34.02
1406,11/03/2025,Cocoa Beans,Raw,Greater Accra,20,6.30,174.51
1407,09/03/2025,Coffee,Beverage,Volta,11,49.34,93.65
1408,12/04/2025,Cocoa Beans,Raw,Greater Accra,9,39.30,114.86
1409,16/02/2025,Sugar,Raw,Western,8,43.40,211.38
1410,18/05/2025,Milk,Dairy,Eastern,4,31.05,262.55
1411,26/05/2025,Sugar,Raw,Ashanti,5,42.64,224.64
1412,29/05/2025,Sugar,Raw,Western,7,41.75,295.59
1413,29/01/2025,Cocoa Beans,Raw,Western,12,9.29,157.47
1414,14/02/2025,Tea,Beverage,Western,9,25.13,95.97
1415,01/04/2025,Tea,Beverage,Greater Accra,6,6.65,129.67
1416,14/04/2025,Coffee,Beverage,Ashanti,13,21.29,330.61
1417,26/01/2025,Coffee,Beverage,Eastern,6,47.90,288.56
1418,25/05/2025,Tea,Beverage,Ashanti,17,42.01,260.41
1419,11/05/2025,Tea,Beverage,Eastern,5,11.61,55.52
1420,10/05/2025,Chocolate Bar,Finished,Western,20,10.55,290.81
1421,03/03/2025,Sugar,Raw,Ashanti,4,18.15,326.91
1422,28/03/2025,Milk,Dairy,Greater Accra,3,20.67,156.11
1423,15/02/2025,Coffee,Beverage,Volta,18,28.80,142.25
1424,05/03/2025,Cocoa Beans,Raw,Eastern,18,47.17,296.46
1425,25/02/2025,Sugar,Raw,Western,13,21.62,131.39
1426,05/05/2025,Sugar,Raw,Ashanti,4,44.98,196.36
1427,09/02/2025,Milk,Dairy,Greater Accra,6,30.42,130.43
1428,13/03/2025,Chocolate Bar,Finished,Eastern,17,12.78,35.02
1429,22/02/2025,Chocolate Bar,Finished,Greater Accra,3,12.67,154.95
1430,27/01/2025,Coffee,Beverage,Greater Accra,15,36.02,179.44
1431,19/01/2025,Tea,Beverage,Eastern,18,47.99,189.59
1432,25/02/2025,Sugar,Raw,Greater Accra,6,47.69,344.34
1433,27/01/2025,Tea,Beverage,Greater Accra,16,36.04,315.13
1434,17/03/2025,Cocoa Beans,Raw,Greater Accra,16,35.23,280.21
1435,25/03/2025,Chocolate Bar,Finished,Eastern,3,33.09,150.58
1436,01/05/2025,Milk,Dairy,Eastern,11,38.79,334.07
1437,06/05/2025,Chocolate Bar,Finished,Ashanti,8,22.07,120.94
1438,12/03/2025,Cocoa Beans,Raw,Ashanti,12,47.11,159.95
1439,16/02/2025,Tea,Beverage,Eastern,14,14.81,214.69
1440,14/01/2025,Chocolate Bar,Finished,Volta,5,18.89,20.82
1441,17/03/2025,Coffee,Beverage,Volta,3,11.75,186.35
1442,15/04/2025,Tea,Beverage,Western,9,43.53,227.61
1443,08/04/2025,Cocoa Beans,Raw,Volta,7,19.58,211.11
1444,30/05/2025,Chocolate Bar,Finished,Ashanti,14,17.31,14.10
1445,11/03/2025,Cocoa Beans,Raw,Ashanti,11,7.69,120.02
1446,09/01/2025,Sugar,Raw,Ashanti,12,30.85,70.22
1447,12/04/2025,Milk,Dairy,Western,8,36.32,282.34
1448,05/05/2025,Chocolate Bar,Finished,Volta,5,20.33,304.77
1449,26/02/2025,Milk,Dairy,Greater Accra,15,14.61,296.96
1450,22/01/2025,Sugar,Raw,Ashanti,17,23.13,198.74
1451,13/04/2025,Chocolate Bar,Finished,Volta,12,37.11,179.08
1452,17/04/2025,Cocoa Beans,Raw,Volta,10,49.84,148.72
1453,21/04/2025,Coffee,Beverage,Eastern,13,31.54,286.09
1454,12/02/2025,Chocolate Bar,Finished,Western,12,41.40,312.46
1455,12/04/2025,Cocoa Beans,Raw,Eastern,8,7.58,174.69
1456,22/03/2025,Tea,Beverage,Eastern,8,7.65,274.09
1457,15/01/2025,Sugar,Raw,Eastern,12,33.57,132.34
1458,07/02/2025,Tea,Beverage,Volta,16,6.07,130.01
1459,24/04/2025,Sugar,Raw,Volta,12,22.45,345.27
1460,10/05/2025,Cocoa Beans,Raw,Greater Accra,7,37.59,25.45
1461,23/04/2025,Coffee,Beverage,Ashanti,14,36.81,271.95
1462,15/04/2025,Tea,Beverage,Ashanti,16,45.21,214.07
1463,22/03/2025,Coffee,Beverage,Greater Accra,19,42.90,36.34
1464,03/01/2025,Cocoa Beans,Raw,Greater Accra,3,8.14,40.28
1465,08/01/2025,Cocoa Beans,Raw,Volta,16,49.29,330.51
1466,05/04/2025,Cocoa Beans,Raw,Ashanti,17,48.59,68.34
1467,08/05/2025,Coffee,Beverage,Greater Accra,13,43.36,172.31
1468,31/01/2025,Milk,Dairy,Greater Accra,6,37.19,209.98
1469,07/03/2025,Milk,Dairy,Volta,7,12.63,347.28
1470,28/01/2025,Cocoa Beans,Raw,Greater Accra,3,48.45,307.73
1471,16/03/2025,Coffee,Beverage,Ashanti,15,14.70,309.92
1472,27/05/2025,Milk,Dairy,Eastern,18,29.62,32.19
1473,21/05/2025,Sugar,Raw,Eastern,18,49.86,242.08
1474,01/04/2025,Sugar,Raw,Volta,7,37.25,129.07
1475,12/01/2025,Milk,Dairy,Greater Accra,4,39.02,133.99
1476,22/03/2025,Chocolate Bar,Finished,Greater Accra,7,14.83,74.10
1477,21/01/2025,Coffee,Beverage,Volta,4,18.52,60.40
1478,08/01/2025,Cocoa Beans,Raw,Eastern,1,27.83,46.14
1479,07/04/2025,Coffee,Beverage,Eastern,5,8.30,315.09
1480,20/05/2025,Chocolate Bar,Finished,Ashanti,16,22.15,275.22
1481,25/01/2025,Tea,Beverage,Eastern,2,34.17,159.00
1482,18/03/2025,Sugar,Raw,Western,1,24.06,340.70
1483,13/04/2025,Milk,Dairy,Volta,12,20.09,96.54
1484,16/05/2025,Sugar,Raw,Greater Accra,9,44.48,272.73
1485,11/05/2025,Sugar,Raw,Ashanti,19,38.19,256.64
1486,03/02/2025,Chocolate Bar,Finished,Greater Accra,7,42.74,12.50
1487,21/03/2025,Tea,Beverage,Volta,9,16.89,170.35
1488,02/04/2025,Cocoa Beans,Raw,Western,9,23.27,183.03
1489,27/02/2025,Sugar,Raw,Volta,2,46.66,156.75
1490,06/03/2025,Tea,Beverage,Greater Accra,1,19.37,175.93
1491,15/03/2025,Cocoa Beans,Raw,Ashanti,10,17.66,251.53
1492,27/05/2025,Sugar,Raw,Eastern,20,7.78,180.56
1493,04/01/2025,Sugar,Raw,Greater Accra,15,28.08,140.75
1494,09/03/2025,Sugar,Raw,Volta,14,24.69,289.60
1495,17/05/2025,Milk,Dairy,Eastern,16,41.18,213.93
1496,15/05/2025,Chocolate Bar,Finished,Volta,14,49.92,102.59
1497,17/03/2025,Cocoa Beans,Raw,Eastern,14,42.97,121.36
1498,08/01/2025,Milk,Dairy,Ashanti,8,36.74,278.46
1499,18/01/2025,Chocolate Bar,Finished,Volta,5,40.25,308.24
1500,03/02/2025,Cocoa Beans,Raw,Western,7,16.19,163.60